STEP 1/50: FROM registry.access.redhat.com/ubi9/ubi@sha256:f9a905cb655db94303bb2a37f150256a4d24c5ef7da07071888b41b52b588e5b
STEP 2/50: RUN rm -rf /etc/rhsm-host
--> Using cache 9c192acd580e79af278c0240a0b7b534d8e65fe8be968a202caf96f78a547149
--> 9c192acd580e
STEP 3/50: RUN yum -y --setopt=tsflags=nodocs update && yum clean all
--> Using cache 1d0ebc46a794f7c42f88f1e0b36ea02f42bb3d3a9b7972fe1c2ab87f5d40e21b
--> 1d0ebc46a794
STEP 4/50: RUN yum -y install gcc gcc-c++ gcc-gfortran xz bzip2 patch diffutils file make git python python3-pip procps environment-modules gettext unzip libX11-devel
--> Using cache e431b207081d103b3a1ac5aa62cca91661bf099be94178025f30818441ab71f0
--> e431b207081d
STEP 5/50: RUN useradd runner
--> Using cache 696bb36253cc16cfc44f047784974e62240a1304b6332245106d55dbe51ff98a
--> 696bb36253cc
STEP 6/50: USER runner
--> Using cache 8b4275c26d67407de147f8940fabd0f56bb7a28fd72e5e9049636759c85de32d
--> 8b4275c26d67
STEP 7/50: RUN git clone https://github.com/spack/spack.git /home/runner/spack && cd /home/runner/spack && git checkout 3e19345b6e12f5ff1b874f4059622fc6a1fd804a
--> Using cache 05423d8c4e7433e3f852cacdc64228e4c8db53dcda39ae21f634e1757aac0fa3
--> 05423d8c4e74
STEP 8/50: RUN echo -e "export SPACK_ROOT=/home/runner/spack\nsource /home/runner/spack/share/spack/setup-env.sh\n" >> /home/runner/.bashrc
--> Using cache 0b7051a18dc5c3b3e39636cdba53af5625df0a7091377e58353170dd529539d2
--> 0b7051a18dc5
STEP 9/50: RUN bash -l -c "spack config add config:build_jobs:64"
--> Using cache c392b1b2da2749c4b77af0098ecb310be0e80b0cfe511e24f50ad90caaf49ca2
--> c392b1b2da27
STEP 10/50: RUN bash -l -c "spack repo update builtin --scope defaults --commit d4f7c711a6a42f1c4d551c8fd10fce9a11340a81"
--> Using cache 8c4fd7ceffda718d45752842268345763c6e3d75c70f552e4cbb813f3c0a5e37
--> 8c4fd7ceffda
STEP 11/50: RUN bash -l -c "spack bootstrap now"
--> Using cache 1eb0603d2dd6e76d88d3d14edc8de07ae016556222b43643ba27b0ab91afff3c
--> 1eb0603d2dd6
STEP 12/50: ARG rocm_version=
--> Using cache d0d0dfb96dd0406d092930f0dfd80316fee6b4de7de5d56236d6a21399a9c7fa
--> d0d0dfb96dd0
STEP 13/50: ARG compiler_version=
--> Using cache 3d72ae379ebc2db394f0d6ecebeb4db02fd2bf9944ab248a29c2fa0e43f36ced
--> 3d72ae379ebc
STEP 14/50: ARG cpu_arch=
--> Using cache 238fcf6fc09f6978c5b7ed21b0ad3b3708e543b79845c51ed45bfdef970815b4
--> 238fcf6fc09f
STEP 15/50: ARG gpu_arch=
--> Using cache 216887bf75d52c75e44061a68324eb7a0658221ccf97a77f25bca145277689d1
--> 216887bf75d5
STEP 16/50: RUN bash -l -c "spack compiler find"
--> Using cache e10fe7de5641b1ed293ce86ef85374b0c29cc33bd6b0500b9d2578918d794600
--> e10fe7de5641
STEP 17/50: RUN bash -l -c "    spack -C /home/runner config add 'concretizer:targets:host_compatible:false'"
--> Using cache 242bd62ae16e0271a588ac184a5fd66a6c788b66edd340a8ea0e4e720bb44a37
--> 242bd62ae16e
STEP 18/50: RUN bash -l -c "    (spack -C /home/runner install --deprecated gcc${compiler_version} target=${cpu_arch} || true) &&     spack -C /home/runner install --deprecated gcc${compiler_version} target=${cpu_arch} &&     spack clean --downloads"
--> Using cache 9a1d1188a91efb3143e1183b853fb7ea01a72d46aa5a7adacf5b38b7ba2dbce9
--> 9a1d1188a91e
STEP 19/50: ARG mpi_version=
--> Using cache 16f0a614df1c0f79ecf74b626b62a4813ed9f9c65da4a7a1650281d3f5c2df11
--> 16f0a614df1c
STEP 20/50: RUN mkdir /home/runner/environment
--> Using cache 1975096f177a8d126e2c3f4872fa1131b2dbb5722339027d2374a45958e06fbb
--> 1975096f177a
STEP 21/50: RUN cat > /home/runner/environment/spack.yaml <<EOF (spack:...)
--> 9d9945252ba7
STEP 22/50: RUN cat >>  /home/runner/environment/modules.yaml <<EOF (modules:...)
--> abddcc66c413
STEP 23/50: RUN bash -l -c "spack module tcl refresh -y"
==> Regenerating tcl module files
--> db0f6d57385c
STEP 24/50: RUN echo -e "spack env activate /home/runner/environment\n" >> /home/runner/.bashrc
--> 170a684136e1
STEP 25/50: RUN bash -l -c "echo \"export MODULEPATH=/home/runner/spack/share/spack/modules/linux-\\\$(spack arch --operating-system)-${cpu_arch}\" >> /home/runner/.bashrc"
--> 635a527aa7b1
STEP 26/50: RUN bash -l -c "echo \"export MODULEPATH=\\\${MODULEPATH}:/home/runner/spack/share/spack/modules/linux-\\\$(spack arch --operating-system)-x86_64_v4\" >> /home/runner/.bashrc"
--> 4d1b2bec63ff
STEP 27/50: RUN bash -l -c "echo \"export MODULEPATH=\\\${MODULEPATH}:/home/runner/spack/share/spack/modules/linux-\\\$(spack arch --operating-system)-x86_64\" >> /home/runner/.bashrc"
--> 9c9c466b6b19
STEP 28/50: RUN bash -l -c "module load gcc && spack compiler find $COMPILER_ROOT"
Loading gcc/12.3.0-gcc-11.5.0-gbjninp
  Loading requirement: glibc/2.34-none-none-45if5qv
    gcc-runtime/11.5.0-none-none-i2ykdrm zlib-ng/2.3.3-gcc-11.5.0-uwa2o7h
    zstd/1.5.7-gcc-11.5.0-dxaucso binutils/2.46.1-gcc-11.5.0-vpukphn
    gmp/6.3.0-gcc-11.5.0-nxuuqkc mpfr/4.2.2-gcc-11.5.0-b4qmxig
    mpc/1.4.1-gcc-11.5.0-lleneri
==> Added 1 new compiler to /home/runner/environment/spack.yaml
    gcc@12.3.0
==> Compilers are defined in the following files:
    /home/runner/.spack/packages.yaml
    /home/runner/environment/spack.yaml
--> bff04a60478b
STEP 29/50: RUN bash -l -c "spack external find python"
==> The following specs have been detected on this system and added to /home/runner/environment/spack.yaml
-- no arch / no compilers ---------------------------------------
python@3.9.25
--> 00cd2ac127d4
STEP 30/50: RUN bash -l -c "spack concretize --fresh --force"
==> Warning: /home/runner/environment/spack.yaml:20: 'packages: all: require: ["%gcc@12.3.0^gcc-runtime@12.3.0"]' applies a dependency constraint to all packages. This often leads to concretization errors. This was likely intended as a requirement for a provider of a (language) virtual. Consider instead:
# For each language virtual (c, cxx, fortran, ...):
packages:
  c:
    require:
    - gcc@12.3.0
# For each virtual:
packages:
  <virtual>:
    require:
    - gcc-runtime@12.3.0
==> Concretized 26 specs:
 -   j2qc2yw  boost@1.90.0+atomic~charconv+chrono~clanglibcpp~container~context~contract~conversion~date_time~debug+exception~fiber+filesystem~graph~graph_parallel~icu~iostreams~json~locale~log~math~mpi~mqtt5+multithreaded~nowide~numpy~openmethod~pic+program_options~python~random~regex~serialization+shared~signals2~singlethreaded~stacktrace+system~taggedlayout~test+thread~timer~type_erasure~url~versionedlayout~wave build_system=generic cxxstd=11 patches:=a440f96 visibility=hidden platform=linux os=rhel9 target=zen4 %c,cxx=gcc@12.3.0
 -   ajhkyz7      ^compiler-wrapper@1.1.0 build_system=generic platform=linux os=rhel9 target=zen4
[e]  d5eoita      ^gcc@12.3.0+binutils+bootstrap~graphite+libsanitizer~mold~nvptx~piclibs~profiled~strip build_system=autotools build_type=RelWithDebInfo languages:='c,c++,fortran' platform=linux os=rhel9 target=x86_64
 -   adypc4e      ^gcc-runtime@12.3.0 build_system=generic platform=linux os=rhel9 target=zen4
[e]  45if5qv      ^glibc@2.34 build_system=autotools platform=linux os=rhel9 target=x86_64
 -   s6j5ui5  ccache@4.12.1~ipo+redis build_system=cmake build_type=Release generator=make platform=linux os=rhel9 target=zen4 %c,cxx=gcc@12.3.0
 -   f4teunr      ^fmt@12.1.0~ipo+pic~shared build_system=cmake build_type=Release cxxstd=11 generator=make platform=linux os=rhel9 target=zen4 %c,cxx=gcc@12.3.0
 -   am3gcu4      ^gmake@4.4.1~guile build_system=generic platform=linux os=rhel9 target=zen4 %c=gcc@12.3.0
 -   oj34l5a      ^hiredis@1.1.0~ipo~ssl~test~test_async~test_ssl build_system=cmake build_type=Release generator=make platform=linux os=rhel9 target=zen4 %c,cxx=gcc@12.3.0
 -   cjvdxwr      ^pkgconf@2.5.1 build_system=autotools platform=linux os=rhel9 target=zen4 %c=gcc@12.3.0
 -   sdlpqku      ^span-lite@0.11.0~ipo build_system=cmake build_type=Release generator=make platform=linux os=rhel9 target=zen4 %cxx=gcc@12.3.0
 -   vqdmzfb      ^xxhash@0.8.3 build_system=makefile platform=linux os=rhel9 target=zen4 %c,cxx=gcc@12.3.0
 -   f2rs2zt      ^zstd@1.5.7+programs build_system=makefile compression:=none libs:=shared,static platform=linux os=rhel9 target=zen4 %c,cxx=gcc@12.3.0
 -   hizwkl7  cmake@3.31.11~doc+ncurses+ownlibs~qtgui build_system=generic build_type=Release platform=linux os=rhel9 target=zen4 %c,cxx=gcc@12.3.0
 -   hfxp4t2      ^curl@8.20.0~gssapi~ldap~libidn2~librtmp~libssh~libssh2+nghttp2 build_system=autotools libs:=shared,static tls:=openssl platform=linux os=rhel9 target=zen4 %c,cxx=gcc@12.3.0
 -   57s4mpk          ^nghttp2@1.67.1 build_system=autotools platform=linux os=rhel9 target=zen4 %c,cxx=gcc@12.3.0
 -   fhyx2nx          ^openssl@3.6.1~docs+shared build_system=generic certs=mozilla platform=linux os=rhel9 target=zen4 %c,cxx=gcc@12.3.0
 -   hpiym5z              ^ca-certificates-mozilla@2026-03-19 build_system=generic platform=linux os=rhel9 target=zen4
 -   4qf4nve      ^ncurses@6.6~symlinks+termlib abi=none build_system=autotools patches:=7a351bc platform=linux os=rhel9 target=zen4 %c,cxx=gcc@12.3.0
 -   pw5ygkl  gh@2.93.0 build_system=go platform=linux os=rhel9 target=zen4
 -   augthrw      ^go@1.26.4 build_system=generic platform=linux os=rhel9 target=zen4 %c,cxx=gcc@12.3.0
 -   7faou3w          ^bash@5.3 build_system=autotools patches:=097cd72,1f60843,29119ad,9591d24,c0976bb,cca1ef5,e385548,eee30fe,f245d9c platform=linux os=rhel9 target=zen4 %c=gcc@12.3.0
 -   se5uyg2          ^go-bootstrap@1.24.13 build_system=generic platform=linux os=rhel9 target=zen4
 -   zocu2kd          ^grep@3.12~pcre build_system=autotools platform=linux os=rhel9 target=zen4 %c=gcc@12.3.0
 -   25hgxn3          ^sed@4.9 build_system=autotools platform=linux os=rhel9 target=zen4 %c=gcc@12.3.0
 -   qnxhuzc  googletest@1.17.0~absl+gmock~ipo+pthreads+shared build_system=cmake build_type=Release cxxstd=17 generator=make platform=linux os=rhel9 target=zen4 %c,cxx=gcc@12.3.0
 -   mf2zq4q  hdf5@1.14.6~cxx~fortran+hl~ipo~java~map+mpi+shared~subfiling~szip~threadsafe+tools api=default build_system=cmake build_type=Release generator=make platform=linux os=rhel9 target=zen4 %c=gcc@12.3.0
 -   rhfra5b  hip@7.2.1~asan~cuda~ipo+rocm build_system=cmake build_type=Release generator=make platform=linux os=rhel9 target=zen4 %c,cxx=gcc@12.3.0
 -   vtihxs3      ^comgr@7.2.1~asan~ipo build_system=cmake build_type=Release generator=make platform=linux os=rhel9 target=zen4 %c,cxx,fortran=gcc@12.3.0
 -   y5pl6js      ^glx@1.4 build_system=bundle platform=linux os=rhel9 target=zen4
 -   ksn5hxd          ^mesa@25.0.5~egl+glx+llvm+opengl~opengles+osmesa~strip build_system=meson buildtype=release default_library:=shared platform=linux os=rhel9 target=zen4 %c,cxx=gcc@12.3.0
 -   btqfuy7              ^bison@3.8.2~color build_system=autotools platform=linux os=rhel9 target=zen4 %c,cxx=gcc@12.3.0
 -   yujhbgt              ^dri2proto@2.8 build_system=autotools platform=linux os=rhel9 target=zen4
 -   vvy2mem              ^flex@2.6.3+lex~nls build_system=autotools platform=linux os=rhel9 target=zen4 %c,cxx=gcc@12.3.0
 -   syoenps              ^glproto@1.4.17 build_system=autotools platform=linux os=rhel9 target=zen4 %c=gcc@12.3.0
 -   w6e3n5u              ^libx11@1.8.13 build_system=autotools platform=linux os=rhel9 target=zen4 %c=gcc@12.3.0
 -   xcbfwhy                  ^inputproto@2.3.2 build_system=autotools platform=linux os=rhel9 target=zen4 %c=gcc@12.3.0
 -   ao3b5fy                  ^kbproto@1.0.7 build_system=autotools platform=linux os=rhel9 target=zen4 %c=gcc@12.3.0
 -   ihc2tfr                  ^xextproto@7.3.0 build_system=autotools platform=linux os=rhel9 target=zen4 %c=gcc@12.3.0
 -   5uvx6tw                  ^xproto@7.0.31 build_system=autotools platform=linux os=rhel9 target=zen4 %c=gcc@12.3.0
 -   piohqda                  ^xtrans@1.6.0 build_system=autotools platform=linux os=rhel9 target=zen4 %c=gcc@12.3.0
 -   wbicpf7              ^libxcb@1.17.0 build_system=autotools platform=linux os=rhel9 target=zen4 %c=gcc@12.3.0
 -   vqybpm3                  ^libxau@1.0.12 build_system=autotools platform=linux os=rhel9 target=zen4 %c=gcc@12.3.0
 -   4f7o64f                  ^libxdmcp@1.1.5 build_system=autotools platform=linux os=rhel9 target=zen4 %c=gcc@12.3.0
 -   pgahftx                  ^xcb-proto@1.17.0 build_system=autotools platform=linux os=rhel9 target=zen4
 -   nd6cu6c              ^libxext@1.3.7 build_system=autotools platform=linux os=rhel9 target=zen4 %c=gcc@12.3.0
 -   evef5fp              ^libxshmfence@1.3.3 build_system=autotools platform=linux os=rhel9 target=zen4 %c=gcc@12.3.0
 -   jvez4o5              ^libxt@1.3.1 build_system=autotools platform=linux os=rhel9 target=zen4 %c=gcc@12.3.0
 -   hzdlnhr                  ^libice@1.1.2 build_system=autotools platform=linux os=rhel9 target=zen4 %c=gcc@12.3.0
 -   47uutwi                  ^libsm@1.2.6 build_system=autotools platform=linux os=rhel9 target=zen4 %c=gcc@12.3.0
 -   bpulvtq              ^py-mako@1.3.10 build_system=python_pip platform=linux os=rhel9 target=zen4
 -   ujtdtng                  ^py-markupsafe@3.0.3 build_system=python_pip platform=linux os=rhel9 target=zen4 %c=gcc@12.3.0
 -   asmguhz              ^xrandr@1.5.3 build_system=autotools platform=linux os=rhel9 target=zen4 %c=gcc@12.3.0
 -   arcgwuf                  ^libxrandr@1.5.5 build_system=autotools platform=linux os=rhel9 target=zen4 %c=gcc@12.3.0
 -   fowbhnw                      ^renderproto@0.11.1 build_system=autotools platform=linux os=rhel9 target=zen4 %c=gcc@12.3.0
 -   c43tb5k                  ^libxrender@0.9.12 build_system=autotools platform=linux os=rhel9 target=zen4 %c=gcc@12.3.0
 -   xehexkk                  ^randrproto@1.5.0 build_system=autotools platform=linux os=rhel9 target=zen4 %c=gcc@12.3.0
 -   2xqlt72      ^hipcc@7.2.1~ipo build_system=cmake build_type=Release generator=make patches:=1b049ea platform=linux os=rhel9 target=zen4 %c,cxx,fortran=gcc@12.3.0
 -   lidiwnj      ^hipify-clang@7.2.1~asan~ipo build_system=cmake build_type=Release generator=make platform=linux os=rhel9 target=zen4 %c,cxx=gcc@12.3.0
 -   ne27g2v      ^hsa-rocr-dev@7.2.1~asan+image~ipo+shared build_system=cmake build_type=Release generator=make platform=linux os=rhel9 target=zen4 %c,cxx=gcc@12.3.0
 -   xxk43p6          ^elfutils@0.194~debuginfod+exeprefix+nls build_system=autotools platform=linux os=rhel9 target=zen4 %c,cxx=gcc@12.3.0
 -   lrx4otj      ^libedit@3.1-20251016 build_system=autotools platform=linux os=rhel9 target=zen4 %c=gcc@12.3.0
 -   z4dkpdl      ^numactl@2.0.19 build_system=autotools platform=linux os=rhel9 target=zen4 %c=gcc@12.3.0
 -   dvg6xm7          ^autoconf@2.72 build_system=autotools platform=linux os=rhel9 target=zen4
 -   x245yho          ^automake@1.18.1 build_system=autotools platform=linux os=rhel9 target=zen4 %c=gcc@12.3.0
 -   oozctqa          ^libtool@2.5.4 build_system=autotools platform=linux os=rhel9 target=zen4 %c=gcc@12.3.0
 -   pv2l2mn              ^file@5.46+static build_system=autotools platform=linux os=rhel9 target=zen4 %c=gcc@12.3.0
 -   3j6oikn              ^findutils@4.10.0 build_system=autotools patches:=440b954 platform=linux os=rhel9 target=zen4 %c=gcc@12.3.0
 -   hbn7hrc      ^perl@5.42.0+cpanm+opcode+open+shared+threads build_system=generic platform=linux os=rhel9 target=zen4 %c=gcc@12.3.0
 -   64zj6o7          ^berkeley-db@18.1.40+cxx~docs+stl build_system=autotools patches:=26090f4,b231fcc platform=linux os=rhel9 target=zen4 %c,cxx=gcc@12.3.0
 -   ihl6ohi          ^gdbm@1.26 build_system=autotools platform=linux os=rhel9 target=zen4 %c=gcc@12.3.0
 -   idboxiz          ^less@692 build_system=autotools platform=linux os=rhel9 target=zen4 %c=gcc@12.3.0
 -   u34s5jh      ^perl-file-which@1.27 build_system=perl platform=linux os=rhel9 target=zen4
 -   7ezup4d      ^perl-uri-encode@1.1.1 build_system=perl platform=linux os=rhel9 target=zen4
 -   vat6dwz          ^perl-module-build@0.4234 build_system=perl platform=linux os=rhel9 target=zen4
 -   rdja74w      ^py-cppheaderparser@2.7.4 build_system=python_pip platform=linux os=rhel9 target=zen4
 -   xmgjay6          ^py-ply@3.11 build_system=python_pip platform=linux os=rhel9 target=zen4
 -   sibqi5b          ^py-setuptools@82.0.1 build_system=generic platform=linux os=rhel9 target=zen4
 -   yfcvnp6          ^python-venv@1.0 build_system=generic platform=linux os=rhel9 target=zen4
 -   j6oi3d7      ^rocm-core@7.2.1~asan~ipo build_system=cmake build_type=Release generator=make platform=linux os=rhel9 target=zen4 %cxx=gcc@12.3.0
 -   xroppy6      ^rocminfo@7.2.1~ipo build_system=cmake build_type=Release generator=make platform=linux os=rhel9 target=zen4 %c,cxx=gcc@12.3.0
 -   kthkgsv      ^rocprofiler-register@7.2.1~ipo build_system=cmake build_type=Release generator=make patches:=99764ee platform=linux os=rhel9 target=zen4 %c,cxx=gcc@12.3.0
 -   6aeri2z          ^glog@0.7.1~ipo build_system=cmake build_type=Release generator=make platform=linux os=rhel9 target=zen4 %cxx=gcc@12.3.0
 -   ackjig5              ^gflags@2.2.2~ipo build_system=cmake build_type=Release generator=make platform=linux os=rhel9 target=zen4 %cxx=gcc@12.3.0
 -   rpyaptp          ^libunwind@1.8.3~block_signals~conservative_checks~cxx_exceptions~debug~debug_frame+docs~pic+tests+weak_backtrace~xz~zlib build_system=autotools components:=none libs:=shared,static patches:=4562c23 platform=linux os=rhel9 target=zen4 %c,cxx=gcc@12.3.0
 -   cpl2o3v      ^roctracer-dev-api@7.2.1 build_system=generic platform=linux os=rhel9 target=zen4 %cxx=gcc@12.3.0
 -   iojimua  llvm-amdgpu@7.2.1~ipo~link_llvm_dylib~llvm_dylib+rocm-device-libs build_system=cmake build_type=Release generator=ninja patches:=74471ee platform=linux os=rhel9 target=zen4 %c,cxx=gcc@12.3.0
 -   5xxhkob      ^libdrm@2.4.131~docs~strip build_system=meson buildtype=release default_library:=shared platform=linux os=rhel9 target=zen4 %c=gcc@12.3.0
 -   c2eru7d          ^libpciaccess@0.17 build_system=autotools platform=linux os=rhel9 target=zen4 %c=gcc@12.3.0
 -   4ztwu7h              ^util-macros@1.20.2 build_system=autotools platform=linux os=rhel9 target=zen4
 -   h4e3afc          ^libpthread-stubs@0.5 build_system=autotools platform=linux os=rhel9 target=zen4 %c=gcc@12.3.0
 -   66xi4w2          ^meson@1.11.1 build_system=python_pip patches:=0f0b1bd platform=linux os=rhel9 target=zen4
 -   kra3yot      ^libelf@0.8.13 build_system=autotools platform=linux os=rhel9 target=zen4 %c=gcc@12.3.0
 -   e7neztx      ^libxml2@2.15.3+pic~python+shared build_system=autotools platform=linux os=rhel9 target=zen4 %c=gcc@12.3.0
 -   g2afsas          ^libiconv@1.18 build_system=autotools libs:=shared,static platform=linux os=rhel9 target=zen4 %c=gcc@12.3.0
 -   ptv7oqy          ^xz@5.8.3~pic build_system=autotools libs:=shared,static platform=linux os=rhel9 target=zen4 %c=gcc@12.3.0
 -   kp5rcjr      ^python@3.12.13+bz2+crypt+ctypes+dbm~debug+libxml2+lzma~optimizations+pic+pyexpat+pythoncmd+readline+shared+sqlite3+ssl~static~tests~tkinter+uuid+zlib build_system=generic platform=linux os=rhel9 target=zen4 %c,cxx=gcc@12.3.0
 -   5jynrns          ^expat@2.8.1+libbsd build_system=autotools platform=linux os=rhel9 target=zen4 %c,cxx=gcc@12.3.0
 -   x3tyls7              ^libbsd@0.12.2 build_system=autotools platform=linux os=rhel9 target=zen4 %c=gcc@12.3.0
 -   cnb76mb                  ^libmd@1.1.0 build_system=autotools platform=linux os=rhel9 target=zen4 %c=gcc@12.3.0
 -   n6o5odg          ^gettext@1.0+bzip2+curses+git~libunistring+libxml2+pic+shared+tar+xz build_system=autotools platform=linux os=rhel9 target=zen4 %c,cxx=gcc@12.3.0
 -   voaqqlq              ^tar@1.35 build_system=autotools zip=pigz platform=linux os=rhel9 target=zen4 %c=gcc@12.3.0
 -   agp4gpe                  ^pigz@2.8 build_system=makefile platform=linux os=rhel9 target=zen4 %c=gcc@12.3.0
 -   p2z6mow          ^libffi@3.5.2 build_system=autotools platform=linux os=rhel9 target=zen4 %c,cxx=gcc@12.3.0
 -   a52wxvx          ^libxcrypt@4.5.2~obsolete_api build_system=autotools platform=linux os=rhel9 target=zen4 %c=gcc@12.3.0
 -   mj4mne3          ^readline@8.3 build_system=autotools patches:=21f0a03,72dee13,e273643 platform=linux os=rhel9 target=zen4 %c=gcc@12.3.0
 -   fwpp4xl          ^sqlite@3.53.1+column_metadata+fts+rtree build_system=autotools platform=linux os=rhel9 target=zen4 %c=gcc@12.3.0
 -   yrozz65          ^util-linux-uuid@2.41 build_system=autotools platform=linux os=rhel9 target=zen4 %c=gcc@12.3.0
 -   5tylmti      ^xxd-standalone@8.2.1201 build_system=makefile platform=linux os=rhel9 target=zen4 %c,cxx=gcc@12.3.0
 -   5sstqkc      ^z3@4.15.4~gmp~ipo~python build_system=cmake build_type=Release generator=make platform=linux os=rhel9 target=zen4 %c,cxx=gcc@12.3.0
 -   jknxxeb  matio@1.5.26+hdf5+shared+zlib build_system=autotools platform=linux os=rhel9 target=zen4 %c=gcc@12.3.0
 -   lzu77us  metis@5.1.0~gdb~int64~ipo~no_warning~real64+shared build_system=cmake build_type=Release generator=make patches:=4991da9,93a7903,b1225da platform=linux os=rhel9 target=zen4 %c,cxx=gcc@12.3.0
 -   x5olqzn  netcdf-c@4.10.0+blosc~byterange~dap~fsync~hdf4~jna~logging+mpi~nczarr_zip+optimize+parallel-netcdf+pic+shared+szip+zstd build_system=autotools platform=linux os=rhel9 target=zen4 %c=gcc@12.3.0
 -   dsyjzna      ^bzip2@1.0.8~debug~pic+shared build_system=generic platform=linux os=rhel9 target=zen4 %c=gcc@12.3.0
 -   g7x5fqz          ^diffutils@3.12 build_system=autotools platform=linux os=rhel9 target=zen4 %c=gcc@12.3.0
 -   oyapkum      ^c-blosc@1.21.6+avx2~ipo build_system=cmake build_type=Release generator=make platform=linux os=rhel9 target=zen4 %c,cxx=gcc@12.3.0
 -   dclhgzr          ^lz4@1.10.0+pic build_system=makefile libs:=shared,static platform=linux os=rhel9 target=zen4 %c,cxx=gcc@12.3.0
 -   fyuofjf          ^snappy@1.2.1~ipo+pic+shared build_system=cmake build_type=Release generator=make platform=linux os=rhel9 target=zen4 %c,cxx=gcc@12.3.0
 -   qs4yvby      ^libaec@1.1.4~ipo+shared build_system=cmake build_type=Release generator=make platform=linux os=rhel9 target=zen4 %c,cxx=gcc@12.3.0
 -   eo5qpxb  ninja@1.13.2+re2c build_system=generic platform=linux os=rhel9 target=zen4 %c,cxx=gcc@12.3.0
 -   ya5epd4      ^re2c@4.4 build_system=autotools platform=linux os=rhel9 target=zen4 %c,cxx=gcc@12.3.0
 -   275woqn  openblas@0.3.33~bignuma~consistent_fpcsr+dynamic_dispatch+fortran~ilp64+locking+pic+shared~static build_system=makefile patches:=723ddc1 symbol_suffix=none threads=none platform=linux os=rhel9 target=zen4 %c,cxx,fortran=gcc@12.3.0
 -   4gskhyn  openmpi@4.1.6+atomics~cuda~cxx~cxx_exceptions~debug+fortran~gpfs~internal-hwloc~internal-libevent~internal-pmix~ipv6~java~lustre~memchecker~openshmem~orterunprefix~rocm+romio+rsh~static~two_level_namespace+vt+wrapper-rpath build_system=autotools fabrics:=none romio-filesystem:=none schedulers:=none platform=linux os=rhel9 target=zen4 %c,cxx,fortran=gcc@12.3.0
 -   ihzaj6h      ^hwloc@2.13.0~cairo~cuda~gl~level_zero~libudev+libxml2~nvml~opencl+pci~rocm build_system=autotools libs:=shared,static patches:=b4db98b platform=linux os=rhel9 target=zen4 %c,cxx=gcc@12.3.0
 -   xd6tvtr      ^libevent@2.1.12+openssl build_system=autotools platform=linux os=rhel9 target=zen4 %c=gcc@12.3.0
 -   xun2lfz      ^openssh@10.3p1+gssapi build_system=autotools platform=linux os=rhel9 target=zen4 %c,cxx=gcc@12.3.0
 -   u72knhs          ^krb5@1.22.2+shared build_system=autotools platform=linux os=rhel9 target=zen4 %c,cxx=gcc@12.3.0
 -   6d5uini      ^pmix@6.1.0~munge~python build_system=autotools platform=linux os=rhel9 target=zen4 %c=gcc@12.3.0
 -   rhp3jlb  parallel-netcdf@1.14.1~burstbuffer+cxx~examples+fortran+pic+shared build_system=autotools platform=linux os=rhel9 target=zen4 %c,cxx,fortran=gcc@12.3.0
 -   47qkwz3      ^m4@1.4.21+sigsegv build_system=autotools platform=linux os=rhel9 target=zen4 %c,cxx=gcc@12.3.0
 -   ts7w3wy          ^libsigsegv@2.15 build_system=autotools platform=linux os=rhel9 target=zen4 %c=gcc@12.3.0
 -   s3rty2t  parmetis@4.0.3~gdb~int64~ipo+shared build_system=cmake build_type=Release generator=make patches:=4f89253,50ed208,704b84f platform=linux os=rhel9 target=zen4 %c,cxx=gcc@12.3.0
 -   eajwws2  rocblas@7.2.1~asan+hipblaslt~ipo+tensile amdgpu_target:=gfx942 build_system=cmake build_type=Release generator=make patches:=1f436c5,d2b0a15 platform=linux os=rhel9 target=zen4 %c,cxx,fortran=gcc@12.3.0
 -   cfnm6qc      ^hipblaslt@7.2.1~asan~ipo amdgpu_target:=auto build_system=cmake build_type=Release generator=make patches:=0364327,503555b platform=linux os=rhel9 target=zen4 %c,cxx,fortran=gcc@12.3.0
 -   wrhgbkd          ^hipblas-common@7.2.1~ipo build_system=cmake build_type=Release generator=make platform=linux os=rhel9 target=zen4
 -   o3pmwsz          ^py-packaging@26.2 build_system=python_pip platform=linux os=rhel9 target=zen4
 -   pksnvuh              ^py-flit-core@3.12.0 build_system=python_pip platform=linux os=rhel9 target=zen4
 -   i3wxpe5      ^msgpack-c@3.1.1~ipo build_system=cmake build_type=Release generator=make platform=linux os=rhel9 target=zen4 %c,cxx=gcc@12.3.0
 -   rsv6w5i      ^procps@4.0.6+nls build_system=autotools platform=linux os=rhel9 target=zen4 %c=gcc@12.3.0
 -   cndyuca      ^py-joblib@1.5.3 build_system=python_pip platform=linux os=rhel9 target=zen4
 -   m7w66tu      ^py-msgpack@1.1.2 build_system=python_pip platform=linux os=rhel9 target=zen4 %cxx=gcc@12.3.0
 -   6enjs3j          ^py-cython@3.2.4 build_system=python_pip platform=linux os=rhel9 target=zen4 %c,cxx=gcc@12.3.0
 -   nfqzvjc      ^py-pip@26.1.2 build_system=generic platform=linux os=rhel9 target=zen4
 -   2jki6nw      ^py-pyyaml@6.0.3+libyaml build_system=python_pip platform=linux os=rhel9 target=zen4
 -   oj57zvp          ^libyaml@0.2.5 build_system=autotools platform=linux os=rhel9 target=zen4 %c=gcc@12.3.0
 -   ln4lyhh      ^py-virtualenv@21.4.1 build_system=python_pip platform=linux os=rhel9 target=zen4 %c=gcc@12.3.0
 -   aocpsmh          ^py-distlib@0.4.0 build_system=python_pip platform=linux os=rhel9 target=zen4 %c=gcc@12.3.0
 -   zq3truy          ^py-filelock@3.29.1 build_system=python_pip platform=linux os=rhel9 target=zen4
 -   ai5rw2t          ^py-hatch-vcs@0.5.0 build_system=python_pip platform=linux os=rhel9 target=zen4
 -   36jjusp              ^py-setuptools-scm@9.2.2+toml build_system=python_pip platform=linux os=rhel9 target=zen4
 -   4muvwph                  ^git@2.53.0+man+nls+perl+subtree~tcltk build_system=autotools platform=linux os=rhel9 target=zen4 %c=gcc@12.3.0
 -   2jm7itt                      ^libidn2@2.3.8 build_system=autotools platform=linux os=rhel9 target=zen4 %c=gcc@12.3.0
 -   rrxmhtv                          ^libunistring@1.4.2 build_system=autotools platform=linux os=rhel9 target=zen4 %c=gcc@12.3.0
 -   um3bdyg                      ^pcre2@10.44~jit+multibyte+pic build_system=autotools platform=linux os=rhel9 target=zen4 %c=gcc@12.3.0
 -   7new3cp          ^py-hatchling@1.29.0 build_system=python_pip platform=linux os=rhel9 target=zen4
 -   x6eepxk              ^py-pathspec@1.1.1 build_system=python_pip platform=linux os=rhel9 target=zen4
 -   3uatzqh              ^py-pluggy@1.6.0 build_system=python_pip platform=linux os=rhel9 target=zen4
 -   74w2ebq              ^py-trove-classifiers@2026.6.1.19 build_system=python_pip platform=linux os=rhel9 target=zen4
 -   jobaeji                  ^py-calver@2025.10.20 build_system=python_pip platform=linux os=rhel9 target=zen4
 -   h5sd5gz          ^py-platformdirs@4.10.0~wheel build_system=python_pip platform=linux os=rhel9 target=zen4
 -   b64vcwu          ^py-python-discovery@1.4.0 build_system=python_pip platform=linux os=rhel9 target=zen4
 -   ntg2tjp      ^py-wheel@0.45.1 build_system=generic platform=linux os=rhel9 target=zen4
 -   xyjuj4f      ^rocm-cmake@7.2.1~ipo build_system=cmake build_type=Release generator=make platform=linux os=rhel9 target=zen4 %cxx=gcc@12.3.0
 -   lpotsmr      ^roctracer-dev@7.2.1~asan~ipo~rocm build_system=cmake build_type=Release generator=make platform=linux os=rhel9 target=zen4 %c,cxx=gcc@12.3.0
 -   yrkpwmo  rocm-smi-lib@7.2.1~asan~ipo+shared build_system=cmake build_type=Release generator=make platform=linux os=rhel9 target=zen4 %c,cxx=gcc@12.3.0
 -   ei7dqvx  rocrand@7.2.1~asan~ipo amdgpu_target:=gfx942 build_system=cmake build_type=Release generator=make platform=linux os=rhel9 target=zen4 %cxx,fortran=gcc@12.3.0
 -   ksx4kje  rocsolver@7.2.1~asan~ipo+optimal amdgpu_target:=gfx942 build_system=cmake build_type=Release generator=make platform=linux os=rhel9 target=zen4 %c,cxx,fortran=gcc@12.3.0
 -   5fomrp7  rocsparse@7.2.1~asan~ipo~test amdgpu_target:=gfx942 build_system=cmake build_type=Release generator=make platform=linux os=rhel9 target=zen4 %c,cxx,fortran=gcc@12.3.0
 -   tr33xwz      ^rocprim@7.2.1~asan~ipo amdgpu_target:=gfx942 build_system=cmake build_type=Release generator=make platform=linux os=rhel9 target=zen4 %cxx=gcc@12.3.0
 -   hz6emtk  rocthrust@7.2.1~ipo amdgpu_target:=gfx942 build_system=cmake build_type=Release generator=make platform=linux os=rhel9 target=zen4 %c,cxx=gcc@12.3.0
 -   n4n5doz  superlu@5.3.0+fortran~ipo+pic build_system=cmake build_type=Release generator=make platform=linux os=rhel9 target=zen4 %c,fortran=gcc@12.3.0
 -   pvumehe  superlu-dist@5.4.0~cuda~int64~ipo~openmp+parmetis~rocm+shared build_system=cmake build_type=Release generator=make platform=linux os=rhel9 target=zen4 %c,cxx,fortran=gcc@12.3.0
 -   2fhgu3g  valgrind@3.27.1+boost+mpi+only64bit~ubsan build_system=autotools libs:=shared,static platform=linux os=rhel9 target=zen4 %c,cxx=gcc@12.3.0
 -   7jz4hlo  zlib@1.3.2+optimize+pic+shared build_system=makefile platform=linux os=rhel9 target=zen4 %c,cxx=gcc@12.3.0

==> Updating view at /home/runner/rocm
--> 0731d291a563
STEP 31/50: RUN bash -l -c "     cd /home/runner &&     spack env depfile -o Makefile &&     (make -j24 || true) &&     make -j24 &&     spack clean --downloads &&     rm Makefile &&     rm -rf .cache"
/home/runner/spack/bin/spack -c config:install_status:false -e '/home/runner/environment' install   --only-concrete --only=package /ajhkyz7ggj3dm7jjrt24hcca2qmx3aqh # compiler-wrapper@1.1.0 build_system=generic platform=linux os=rhel9 target=zen4
/home/runner/spack/bin/spack -c config:install_status:false -e '/home/runner/environment' install   --only-concrete --only=package /d5eoitaowrptt35mtnkcaaei2hanp54k # gcc@12.3.0+binutils+bootstrap~graphite+libsanitizer~mold~nvptx~piclibs~profiled~strip build_system=autotools build_type=RelWithDebInfo languages:='c,c++,fortran' platform=linux os=rhel9 target=x86_64
/home/runner/spack/bin/spack -c config:install_status:false -e '/home/runner/environment' install   --only-concrete --only=package /45if5qvlpeyfsyucmcqxopqyyd7vqatq # glibc@2.34 build_system=autotools platform=linux os=rhel9 target=x86_64
/home/runner/spack/bin/spack -c config:install_status:false -e '/home/runner/environment' install   --only-concrete --only=package /hpiym5zcqhiz2i5zvuwhy2zijrviwfgu # ca-certificates-mozilla@2026-03-19 build_system=generic platform=linux os=rhel9 target=zen4
/home/runner/spack/bin/spack -c config:install_status:false -e '/home/runner/environment' install   --only-concrete --only=package /se5uyg27xa4kypiwe3b6etbvlrzp5w7y # go-bootstrap@1.24.13 build_system=generic platform=linux os=rhel9 target=zen4
[e] d5eoita gcc@12.3.0 /home/runner/spack/opt/spack/linux-zen4/gcc-12.3.0-gbjninpngcng66o42zzz4yn6wj2npwae (0s)
[ ] se5uyg2 go-bootstrap@1.24.13 staging (0s)
[ ] hpiym5z ca-certificates-mozilla@2026-03-19 staging (0s)
[ ] ajhkyz7 compiler-wrapper@1.1.0 staging (0s)
[ ] ajhkyz7 compiler-wrapper@1.1.0 install (0s)
[+] ajhkyz7 compiler-wrapper@1.1.0 /home/runner/spack/opt/spack/linux-zen4/compiler-wrapper-1.1.0-ajhkyz7ggj3dm7jjrt24hcca2qmx3aqh (0s)
[ ] hpiym5z ca-certificates-mozilla@2026-03-19 install (0s)
[+] hpiym5z ca-certificates-mozilla@2026-03-19 /home/runner/spack/opt/spack/linux-zen4/ca-certificates-mozilla-2026-03-19-hpiym5zcqhiz2i5zvuwhy2zijrviwfgu (0s)
/home/runner/spack/bin/spack -c config:install_status:false -e '/home/runner/environment' install   --only-concrete --only=package /adypc4em5nn3cnjhajv4w4juvfk3excu # gcc-runtime@12.3.0 build_system=generic platform=linux os=rhel9 target=zen4
[ ] adypc4e gcc-runtime@12.3.0 staging (0s)
[ ] adypc4e gcc-runtime@12.3.0 install (0s)
[+] adypc4e gcc-runtime@12.3.0 /home/runner/spack/opt/spack/linux-zen4/gcc-runtime-12.3.0-adypc4em5nn3cnjhajv4w4juvfk3excu (0s)
==> Updating view at /home/runner/rocm
/home/runner/spack/bin/spack -c config:install_status:false -e '/home/runner/environment' install   --only-concrete --only=package /am3gcu4xujabafbvsg7jg2fck4qjtkvl # gmake@4.4.1~guile build_system=generic platform=linux os=rhel9 target=zen4
/home/runner/spack/bin/spack -c config:install_status:false -e '/home/runner/environment' install   --only-concrete --only=package /cpl2o3v7wrkft3wycxpvtjv2vch4fms4 # roctracer-dev-api@7.2.1 build_system=generic platform=linux os=rhel9 target=zen4
/home/runner/spack/bin/spack -c config:install_status:false -e '/home/runner/environment' install   --only-concrete --only=package /j2qc2ywc5q5ocbblw6bhx44j2clmplhp # boost@1.90.0+atomic~charconv+chrono~clanglibcpp~container~context~contract~conversion~date_time~debug+exception~fiber+filesystem~graph~graph_parallel~icu~iostreams~json~locale~log~math~mpi~mqtt5+multithreaded~nowide~numpy~openmethod~pic+program_options~python~random~regex~serialization+shared~signals2~singlethreaded~stacktrace+system~taggedlayout~test+thread~timer~type_erasure~url~versionedlayout~wave build_system=generic cxxstd=11 patches:=a440f96 visibility=hidden platform=linux os=rhel9 target=zen4
[ ] cpl2o3v roctracer-dev-api@7.2.1 staging (0s)
[ ] am3gcu4 gmake@4.4.1 staging (0s)
[ ] j2qc2yw boost@1.90.0 staging (0s)
[ ] am3gcu4 gmake@4.4.1 install (0s)
[ ] se5uyg2 go-bootstrap@1.24.13 install (4s)
[ ] cpl2o3v roctracer-dev-api@7.2.1 install (2s)
[ ] j2qc2yw boost@1.90.0 install (29s)
[+] am3gcu4 gmake@4.4.1 /home/runner/spack/opt/spack/linux-zen4/gmake-4.4.1-am3gcu4xujabafbvsg7jg2fck4qjtkvl (34s)
==> Updating view at /home/runner/rocm
/home/runner/spack/bin/spack -c config:install_status:false -e '/home/runner/environment' install   --only-concrete --only=package /g2afsaslhyncrf6z4chnxvlz336ixati # libiconv@1.18 build_system=autotools libs:=shared,static platform=linux os=rhel9 target=zen4
/home/runner/spack/bin/spack -c config:install_status:false -e '/home/runner/environment' install   --only-concrete --only=package /cjvdxwrnkxohxobqjshsqzlga7gr5mrs # pkgconf@2.5.1 build_system=autotools platform=linux os=rhel9 target=zen4
/home/runner/spack/bin/spack -c config:install_status:false -e '/home/runner/environment' install   --only-concrete --only=package /64zj6o7ge5bgfv2yjr4wtsxez4dvareg # berkeley-db@18.1.40+cxx~docs+stl build_system=autotools patches:=26090f4,b231fcc platform=linux os=rhel9 target=zen4
/home/runner/spack/bin/spack -c config:install_status:false -e '/home/runner/environment' install   --only-concrete --only=package /7jz4hlook3ug6z46pf3kv4q4r3tfbrx4 # zlib@1.3.2+optimize+pic+shared build_system=makefile platform=linux os=rhel9 target=zen4
/home/runner/spack/bin/spack -c config:install_status:false -e '/home/runner/environment' install   --only-concrete --only=package /4ztwu7hm5c3b5o6rqye6mdev5i6d3c2s # util-macros@1.20.2 build_system=autotools platform=linux os=rhel9 target=zen4
/home/runner/spack/bin/spack -c config:install_status:false -e '/home/runner/environment' install   --only-concrete --only=package /h4e3afcqzaqn5ternk5uotkgfbwgfllb # libpthread-stubs@0.5 build_system=autotools platform=linux os=rhel9 target=zen4
/home/runner/spack/bin/spack -c config:install_status:false -e '/home/runner/environment' install   --only-concrete --only=package /cnb76mbfxqgigt4r6jevsribhvmos36r # libmd@1.1.0 build_system=autotools platform=linux os=rhel9 target=zen4
/home/runner/spack/bin/spack -c config:install_status:false -e '/home/runner/environment' install   --only-concrete --only=package /ptv7oqy3lyxnvoghx7f2r27iao675vrj # xz@5.8.3~pic build_system=autotools libs:=shared,static platform=linux os=rhel9 target=zen4
/home/runner/spack/bin/spack -c config:install_status:false -e '/home/runner/environment' install   --only-concrete --only=package /f2rs2ztgnkz64pwznp5juwp7tzl3oktp # zstd@1.5.7+programs build_system=makefile compression:=none libs:=shared,static platform=linux os=rhel9 target=zen4
/home/runner/spack/bin/spack -c config:install_status:false -e '/home/runner/environment' install   --only-concrete --only=package /p2z6mowypcy3hl4piffvm7dspmffsumb # libffi@3.5.2 build_system=autotools platform=linux os=rhel9 target=zen4
/home/runner/spack/bin/spack -c config:install_status:false -e '/home/runner/environment' install   --only-concrete --only=package /kra3yotl4ihvrsybeyhf6woqvbvfqwwq # libelf@0.8.13 build_system=autotools platform=linux os=rhel9 target=zen4
/home/runner/spack/bin/spack -c config:install_status:false -e '/home/runner/environment' install   --only-concrete --only=package /ts7w3wyxgwm62mann6amc7slwcjesp6i # libsigsegv@2.15 build_system=autotools platform=linux os=rhel9 target=zen4
/home/runner/spack/bin/spack -c config:install_status:false -e '/home/runner/environment' install   --only-concrete --only=package /5tylmtiab64qzagdtjyouxg4kh5dc3hm # xxd-standalone@8.2.1201 build_system=makefile platform=linux os=rhel9 target=zen4
/home/runner/spack/bin/spack -c config:install_status:false -e '/home/runner/environment' install   --only-concrete --only=package /oj57zvp2uxqns4lyxi4w7bjo6idolsl3 # libyaml@0.2.5 build_system=autotools platform=linux os=rhel9 target=zen4
/home/runner/spack/bin/spack -c config:install_status:false -e '/home/runner/environment' install   --only-concrete --only=package /um3bdygwq42suaekycvtbumziqnhwqvg # pcre2@10.44~jit+multibyte+pic build_system=autotools platform=linux os=rhel9 target=zen4
/home/runner/spack/bin/spack -c config:install_status:false -e '/home/runner/environment' install   --only-concrete --only=package /275woqn5rnb4vuuxqvq3k4y7ldsygtpb # openblas@0.3.33~bignuma~consistent_fpcsr+dynamic_dispatch+fortran~ilp64+locking+pic+shared~static build_system=makefile patches:=723ddc1 symbol_suffix=none threads=none platform=linux os=rhel9 target=zen4
/home/runner/spack/bin/spack -c config:install_status:false -e '/home/runner/environment' install   --only-concrete --only=package /dclhgzrv35mkxw47krkxhvfpksnlc3xn # lz4@1.10.0+pic build_system=makefile libs:=shared,static platform=linux os=rhel9 target=zen4
/home/runner/spack/bin/spack -c config:install_status:false -e '/home/runner/environment' install   --only-concrete --only=package /vqdmzfb2befkiuapnnem7ie6cgmlcmjq # xxhash@0.8.3 build_system=makefile platform=linux os=rhel9 target=zen4
/home/runner/spack/bin/spack -c config:install_status:false -e '/home/runner/environment' install   --only-concrete --only=package /zocu2kdikkdpabca5gb7nyyohjc2m7rk # grep@3.12~pcre build_system=autotools platform=linux os=rhel9 target=zen4
/home/runner/spack/bin/spack -c config:install_status:false -e '/home/runner/environment' install   --only-concrete --only=package /25hgxn3a42fayihrmgsiep22iydtoetl # sed@4.9 build_system=autotools platform=linux os=rhel9 target=zen4
[ ] cjvdxwr pkgconf@2.5.1 staging (0s)
[ ] 5tylmti xxd-standalone@8.2.1201 staging (0s)
[ ] cnb76mb libmd@1.1.0 staging (0s)
[ ] zocu2kd grep@3.12 staging (0s)
[ ] ts7w3wy libsigsegv@2.15 staging (0s)
[ ] um3bdyg pcre2@10.44 staging (0s)
[ ] ptv7oqy xz@5.8.3 staging (0s)
[ ] oj57zvp libyaml@0.2.5 staging (0s)
[ ] g2afsas libiconv@1.18 staging (0s)
[ ] 275woqn openblas@0.3.33 staging (0s)
[ ] p2z6mow libffi@3.5.2 staging (0s)
[ ] 7jz4hlo zlib@1.3.2 staging (0s)
[ ] f2rs2zt zstd@1.5.7 staging (0s)
[ ] kra3yot libelf@0.8.13 staging (0s)
[ ] dclhgzr lz4@1.10.0 staging (0s)
[ ] 64zj6o7 berkeley-db@18.1.40 staging (0s)
[ ] 4ztwu7h util-macros@1.20.2 staging (0s)
[ ] 25hgxn3 sed@4.9 staging (0s)
[ ] vqdmzfb xxhash@0.8.3 staging (0s)
[ ] h4e3afc libpthread-stubs@0.5 staging (0s)
[ ] h4e3afc libpthread-stubs@0.5 autoreconf (4s)
[ ] h4e3afc libpthread-stubs@0.5 configure (4s)
[ ] 4ztwu7h util-macros@1.20.2 autoreconf (4s)
[ ] 4ztwu7h util-macros@1.20.2 configure (4s)
[ ] ts7w3wy libsigsegv@2.15 autoreconf (4s)
[ ] ts7w3wy libsigsegv@2.15 configure (4s)
[ ] kra3yot libelf@0.8.13 autoreconf (4s)
[ ] kra3yot libelf@0.8.13 configure (4s)
[ ] cjvdxwr pkgconf@2.5.1 autoreconf (4s)
[ ] cjvdxwr pkgconf@2.5.1 configure (4s)
[ ] 25hgxn3 sed@4.9 autoreconf (4s)
[ ] 25hgxn3 sed@4.9 configure (4s)
[ ] oj57zvp libyaml@0.2.5 autoreconf (4s)
[ ] oj57zvp libyaml@0.2.5 configure (4s)
[ ] f2rs2zt zstd@1.5.7 edit (4s)
[ ] f2rs2zt zstd@1.5.7 build (4s)
[ ] f2rs2zt zstd@1.5.7 install (4s)
[ ] vqdmzfb xxhash@0.8.3 edit (4s)
[ ] cnb76mb libmd@1.1.0 autoreconf (4s)
[ ] cnb76mb libmd@1.1.0 configure (4s)
[ ] vqdmzfb xxhash@0.8.3 build (4s)
[ ] 7jz4hlo zlib@1.3.2 edit (4s)
[ ] p2z6mow libffi@3.5.2 autoreconf (4s)
[ ] p2z6mow libffi@3.5.2 configure (4s)
[ ] dclhgzr lz4@1.10.0 edit (4s)
[ ] dclhgzr lz4@1.10.0 build (4s)
[ ] g2afsas libiconv@1.18 autoreconf (5s)
[ ] g2afsas libiconv@1.18 configure (5s)
[ ] zocu2kd grep@3.12 autoreconf (5s)
[ ] zocu2kd grep@3.12 configure (5s)
[ ] ptv7oqy xz@5.8.3 autoreconf (5s)
[ ] ptv7oqy xz@5.8.3 configure (5s)
[ ] um3bdyg pcre2@10.44 autoreconf (5s)
[ ] um3bdyg pcre2@10.44 configure (5s)
[ ] 5tylmti xxd-standalone@8.2.1201 edit (5s)
[ ] 5tylmti xxd-standalone@8.2.1201 build (5s)
[ ] 7jz4hlo zlib@1.3.2 build (5s)
[ ] oj57zvp libyaml@0.2.5 build (14s)
[ ] 5tylmti xxd-standalone@8.2.1201 install (17s)
[ ] dclhgzr lz4@1.10.0 install (19s)
[+] dclhgzr lz4@1.10.0 /home/runner/spack/opt/spack/linux-zen4/lz4-1.10.0-dclhgzrv35mkxw47krkxhvfpksnlc3xn (20s)
==> Updating view at /home/runner/rocm
[ ] cnb76mb libmd@1.1.0 build (21s)
[ ] oj57zvp libyaml@0.2.5 install (22s)
[ ] cnb76mb libmd@1.1.0 install (25s)
[+] cnb76mb libmd@1.1.0 /home/runner/spack/opt/spack/linux-zen4/libmd-1.1.0-cnb76mbfxqgigt4r6jevsribhvmos36r (25s)
==> Updating view at /home/runner/rocm
[ ] um3bdyg pcre2@10.44 build (27s)
[ ] h4e3afc libpthread-stubs@0.5 build (30s)
[ ] h4e3afc libpthread-stubs@0.5 install (30s)
[+] h4e3afc libpthread-stubs@0.5 /home/runner/spack/opt/spack/linux-zen4/libpthread-stubs-0.5-h4e3afcqzaqn5ternk5uotkgfbwgfllb (30s)
==> Updating view at /home/runner/rocm
/home/runner/spack/bin/spack -c config:install_status:false -e '/home/runner/environment' install   --only-concrete --only=package /x3tyls743z4wpbgvjizr35s7tv4uqse3 # libbsd@0.12.2 build_system=autotools platform=linux os=rhel9 target=zen4
[ ] x3tyls7 libbsd@0.12.2 staging (0s)
[ ] 64zj6o7 berkeley-db@18.1.40 autoreconf (35s)
[ ] 64zj6o7 berkeley-db@18.1.40 configure (35s)
[ ] 4ztwu7h util-macros@1.20.2 build (35s)
[ ] 4ztwu7h util-macros@1.20.2 install (35s)
[+] 4ztwu7h util-macros@1.20.2 /home/runner/spack/opt/spack/linux-zen4/util-macros-1.20.2-4ztwu7hm5c3b5o6rqye6mdev5i6d3c2s (35s)
[ ] x3tyls7 libbsd@0.12.2 autoreconf (4s)
[ ] x3tyls7 libbsd@0.12.2 configure (4s)
[ ] 7jz4hlo zlib@1.3.2 install (36s)
[+] 7jz4hlo zlib@1.3.2 /home/runner/spack/opt/spack/linux-zen4/zlib-1.3.2-7jz4hlook3ug6z46pf3kv4q4r3tfbrx4 (36s)
[ ] kra3yot libelf@0.8.13 build (36s)
==> Updating view at /home/runner/rocm
[ ] vqdmzfb xxhash@0.8.3 install (36s)
[ ] 275woqn openblas@0.3.33 edit (40s)
[ ] 275woqn openblas@0.3.33 build (40s)
/home/runner/spack/bin/spack -c config:install_status:false -e '/home/runner/environment' install   --only-concrete --only=package /agp4gpemne5cmo6k5bydoulfmwzwpasz # pigz@2.8 build_system=makefile platform=linux os=rhel9 target=zen4
[ ] agp4gpe pigz@2.8 staging (0s)
[ ] kra3yot libelf@0.8.13 install (42s)
[ ] agp4gpe pigz@2.8 edit (0s)
[ ] agp4gpe pigz@2.8 build (0s)
[ ] agp4gpe pigz@2.8 install (3s)
[+] agp4gpe pigz@2.8 /home/runner/spack/opt/spack/linux-zen4/pigz-2.8-agp4gpemne5cmo6k5bydoulfmwzwpasz (3s)
[ ] cjvdxwr pkgconf@2.5.1 build (48s)
[ ] cjvdxwr pkgconf@2.5.1 install (51s)
[+] oj57zvp libyaml@0.2.5 /home/runner/spack/opt/spack/linux-zen4/libyaml-0.2.5-oj57zvp2uxqns4lyxi4w7bjo6idolsl3 (51s)
[ ] ts7w3wy libsigsegv@2.15 build (56s)
[ ] ts7w3wy libsigsegv@2.15 install (56s)
[ ] p2z6mow libffi@3.5.2 build (57s)
[ ] p2z6mow libffi@3.5.2 install (59s)
[ ] x3tyls7 libbsd@0.12.2 build (35s)
[+] vqdmzfb xxhash@0.8.3 /home/runner/spack/opt/spack/linux-zen4/xxhash-0.8.3-vqdmzfb2befkiuapnnem7ie6cgmlcmjq (1m07s)
[ ] x3tyls7 libbsd@0.12.2 install (38s)
[ ] um3bdyg pcre2@10.44 install (1m15s)
[+] kra3yot libelf@0.8.13 /home/runner/spack/opt/spack/linux-zen4/libelf-0.8.13-kra3yotl4ihvrsybeyhf6woqvbvfqwwq (1m17s)
[+] cjvdxwr pkgconf@2.5.1 /home/runner/spack/opt/spack/linux-zen4/pkgconf-2.5.1-cjvdxwrnkxohxobqjshsqzlga7gr5mrs (1m22s)
[+] ts7w3wy libsigsegv@2.15 /home/runner/spack/opt/spack/linux-zen4/libsigsegv-2.15-ts7w3wyxgwm62mann6amc7slwcjesp6i (1m23s)
[+] p2z6mow libffi@3.5.2 /home/runner/spack/opt/spack/linux-zen4/libffi-3.5.2-p2z6mowypcy3hl4piffvm7dspmffsumb (1m25s)
[ ] ptv7oqy xz@5.8.3 build (1m29s)
==> Updating view at /home/runner/rocm
[+] 5tylmti xxd-standalone@8.2.1201 /home/runner/spack/opt/spack/linux-zen4/xxd-standalone-8.2.1201-5tylmtiab64qzagdtjyouxg4kh5dc3hm (1m39s)
[+] cpl2o3v roctracer-dev-api@7.2.1 /home/runner/spack/opt/spack/linux-zen4/roctracer-dev-api-7.2.1-cpl2o3v7wrkft3wycxpvtjv2vch4fms4 (2m19s)
==> Updating view at /home/runner/rocm
==> Updating view at /home/runner/rocm
/home/runner/spack/bin/spack -c config:install_status:false -e '/home/runner/environment' install   --only-concrete --only=package /4qf4nvezovxbsrw7ooddi5bpywxq2nbf # ncurses@6.6~symlinks+termlib abi=none build_system=autotools patches:=7a351bc platform=linux os=rhel9 target=zen4
/home/runner/spack/bin/spack -c config:install_status:false -e '/home/runner/environment' install   --only-concrete --only=package /c2eru7dzqolyxsdfacmx7pnv4ngkzkit # libpciaccess@0.17 build_system=autotools platform=linux os=rhel9 target=zen4
/home/runner/spack/bin/spack -c config:install_status:false -e '/home/runner/environment' install   --only-concrete --only=package /yrozz65qtkoqci6bbpv2ifnowxqehmbw # util-linux-uuid@2.41 build_system=autotools platform=linux os=rhel9 target=zen4
/home/runner/spack/bin/spack -c config:install_status:false -e '/home/runner/environment' install   --only-concrete --only=package /yujhbgto7pgmz544xcm6ea3tfd6xlh3k # dri2proto@2.8 build_system=autotools platform=linux os=rhel9 target=zen4
/home/runner/spack/bin/spack -c config:install_status:false -e '/home/runner/environment' install   --only-concrete --only=package /syoenpsepszvkpwkpkfv2rnf7opyl6qe # glproto@1.4.17 build_system=autotools platform=linux os=rhel9 target=zen4
/home/runner/spack/bin/spack -c config:install_status:false -e '/home/runner/environment' install   --only-concrete --only=package /xcbfwhyho7pumrsltyeda44qsuzxfu7s # inputproto@2.3.2 build_system=autotools platform=linux os=rhel9 target=zen4
/home/runner/spack/bin/spack -c config:install_status:false -e '/home/runner/environment' install   --only-concrete --only=package /ao3b5fyjge5xbxn5w42pbwxuhrrxiivj # kbproto@1.0.7 build_system=autotools platform=linux os=rhel9 target=zen4
/home/runner/spack/bin/spack -c config:install_status:false -e '/home/runner/environment' install   --only-concrete --only=package /5uvx6twbjq267jpu6fclwzmitbzw3nwy # xproto@7.0.31 build_system=autotools platform=linux os=rhel9 target=zen4
/home/runner/spack/bin/spack -c config:install_status:false -e '/home/runner/environment' install   --only-concrete --only=package /ihc2tfrtliqnit2zw3zs2cdxu6ffwg2a # xextproto@7.3.0 build_system=autotools platform=linux os=rhel9 target=zen4
[ ] c2eru7d libpciaccess@0.17 staging (0s)
[ ] yujhbgt dri2proto@2.8 staging (0s)
[ ] yrozz65 util-linux-uuid@2.41 staging (0s)
/home/runner/spack/bin/spack -c config:install_status:false -e '/home/runner/environment' install   --only-concrete --only=package /piohqdaeyemytalvovzxrn7vtk4wslny # xtrans@1.6.0 build_system=autotools platform=linux os=rhel9 target=zen4
[ ] xcbfwhy inputproto@2.3.2 staging (0s)
[ ] ao3b5fy kbproto@1.0.7 staging (0s)
[ ] 4qf4nve ncurses@6.6 staging (0s)
[ ] syoenps glproto@1.4.17 staging (0s)
[ ] ihc2tfr xextproto@7.3.0 staging (0s)
[ ] 5uvx6tw xproto@7.0.31 staging (0s)
[ ] yujhbgt dri2proto@2.8 autoreconf (0s)
[ ] yujhbgt dri2proto@2.8 configure (0s)
[ ] c2eru7d libpciaccess@0.17 autoreconf (0s)
[ ] c2eru7d libpciaccess@0.17 configure (0s)
[ ] ihc2tfr xextproto@7.3.0 autoreconf (0s)
[ ] ihc2tfr xextproto@7.3.0 configure (0s)
[ ] xcbfwhy inputproto@2.3.2 autoreconf (0s)
[ ] xcbfwhy inputproto@2.3.2 configure (0s)
[ ] ao3b5fy kbproto@1.0.7 autoreconf (0s)
[ ] ao3b5fy kbproto@1.0.7 configure (0s)
[ ] syoenps glproto@1.4.17 autoreconf (0s)
[ ] syoenps glproto@1.4.17 configure (0s)
[ ] piohqda xtrans@1.6.0 staging (0s)
[ ] 5uvx6tw xproto@7.0.31 autoreconf (0s)
[ ] 5uvx6tw xproto@7.0.31 configure (0s)
/home/runner/spack/bin/spack -c config:install_status:false -e '/home/runner/environment' install   --only-concrete --only=package /fowbhnwzeofgbshx3emtlbw4tkizwcax # renderproto@0.11.1 build_system=autotools platform=linux os=rhel9 target=zen4
[ ] 4qf4nve ncurses@6.6 autoreconf (0s)
[ ] 4qf4nve ncurses@6.6 configure (0s)
[ ] piohqda xtrans@1.6.0 autoreconf (0s)
[ ] piohqda xtrans@1.6.0 configure (0s)
/home/runner/spack/bin/spack -c config:install_status:false -e '/home/runner/environment' install   --only-concrete --only=package /xehexkknglp5nbsh5rlrunsiohxzcegn # randrproto@1.5.0 build_system=autotools platform=linux os=rhel9 target=zen4
[ ] yrozz65 util-linux-uuid@2.41 autoreconf (1s)
[ ] yrozz65 util-linux-uuid@2.41 configure (1s)
[ ] fowbhnw renderproto@0.11.1 staging (0s)
[ ] fowbhnw renderproto@0.11.1 autoreconf (0s)
[ ] fowbhnw renderproto@0.11.1 configure (0s)
[ ] xehexkk randrproto@1.5.0 staging (0s)
[ ] g2afsas libiconv@1.18 build (2m03s)
[ ] xehexkk randrproto@1.5.0 autoreconf (1s)
[ ] xehexkk randrproto@1.5.0 configure (1s)
[ ] ptv7oqy xz@5.8.3 install (2m13s)
[ ] g2afsas libiconv@1.18 install (2m13s)
[+] f2rs2zt zstd@1.5.7 /home/runner/spack/opt/spack/linux-zen4/zstd-1.5.7-f2rs2ztgnkz64pwznp5juwp7tzl3oktp (2m14s)
==> Updating view at /home/runner/rocm
[ ] xcbfwhy inputproto@2.3.2 build (19s)
[ ] xcbfwhy inputproto@2.3.2 install (19s)
[+] xcbfwhy inputproto@2.3.2 /home/runner/spack/opt/spack/linux-zen4/inputproto-2.3.2-xcbfwhyho7pumrsltyeda44qsuzxfu7s (19s)
[ ] ihc2tfr xextproto@7.3.0 build (21s)
[ ] ihc2tfr xextproto@7.3.0 install (21s)
[ ] syoenps glproto@1.4.17 build (26s)
[ ] syoenps glproto@1.4.17 install (26s)
[+] syoenps glproto@1.4.17 /home/runner/spack/opt/spack/linux-zen4/glproto-1.4.17-syoenpsepszvkpwkpkfv2rnf7opyl6qe (26s)
[ ] fowbhnw renderproto@0.11.1 build (31s)
[ ] fowbhnw renderproto@0.11.1 install (31s)
[+] fowbhnw renderproto@0.11.1 /home/runner/spack/opt/spack/linux-zen4/renderproto-0.11.1-fowbhnwzeofgbshx3emtlbw4tkizwcax (31s)
[ ] yujhbgt dri2proto@2.8 build (34s)
[ ] yujhbgt dri2proto@2.8 install (34s)
[+] yujhbgt dri2proto@2.8 /home/runner/spack/opt/spack/linux-zen4/dri2proto-2.8-yujhbgto7pgmz544xcm6ea3tfd6xlh3k (34s)
[+] x3tyls7 libbsd@0.12.2 /home/runner/spack/opt/spack/linux-zen4/libbsd-0.12.2-x3tyls743z4wpbgvjizr35s7tv4uqse3 (2m05s)
[ ] 64zj6o7 berkeley-db@18.1.40 build (2m43s)
[ ] 25hgxn3 sed@4.9 build (2m52s)
[+] ihc2tfr xextproto@7.3.0 /home/runner/spack/opt/spack/linux-zen4/xextproto-7.3.0-ihc2tfrtliqnit2zw3zs2cdxu6ffwg2a (52s)
==> Updating view at /home/runner/rocm
==> Updating view at /home/runner/rocm
/home/runner/spack/bin/spack -c config:install_status:false -e '/home/runner/environment' install   --only-concrete --only=package /5jynrnssuq3owoh3zdl4vuhqtjwrxx6n # expat@2.8.1+libbsd build_system=autotools platform=linux os=rhel9 target=zen4
[ ] 5jynrns expat@2.8.1 staging (0s)
[ ] 25hgxn3 sed@4.9 install (2m58s)
[ ] 5jynrns expat@2.8.1 autoreconf (1s)
[ ] 5jynrns expat@2.8.1 configure (1s)
[ ] ao3b5fy kbproto@1.0.7 build (1m00s)
[ ] ao3b5fy kbproto@1.0.7 install (1m00s)
[+] ao3b5fy kbproto@1.0.7 /home/runner/spack/opt/spack/linux-zen4/kbproto-1.0.7-ao3b5fyjge5xbxn5w42pbwxuhrrxiivj (1m00s)
[ ] xehexkk randrproto@1.5.0 build (1m02s)
[ ] xehexkk randrproto@1.5.0 install (1m02s)
[+] xehexkk randrproto@1.5.0 /home/runner/spack/opt/spack/linux-zen4/randrproto-1.5.0-xehexkknglp5nbsh5rlrunsiohxzcegn (1m02s)
[+] g2afsas libiconv@1.18 /home/runner/spack/opt/spack/linux-zen4/libiconv-1.18-g2afsaslhyncrf6z4chnxvlz336ixati (3m08s)
[+] um3bdyg pcre2@10.44 /home/runner/spack/opt/spack/linux-zen4/pcre2-10.44-um3bdygwq42suaekycvtbumziqnhwqvg (3m15s)
[+] ptv7oqy xz@5.8.3 /home/runner/spack/opt/spack/linux-zen4/xz-5.8.3-ptv7oqy3lyxnvoghx7f2r27iao675vrj (3m16s)
[ ] c2eru7d libpciaccess@0.17 build (1m17s)
[ ] 5uvx6tw xproto@7.0.31 build (1m17s)
[ ] 5uvx6tw xproto@7.0.31 install (1m17s)
[ ] 64zj6o7 berkeley-db@18.1.40 install (3m28s)
==> Updating view at /home/runner/rocm
[ ] piohqda xtrans@1.6.0 build (1m27s)
[ ] piohqda xtrans@1.6.0 install (1m27s)
[+] piohqda xtrans@1.6.0 /home/runner/spack/opt/spack/linux-zen4/xtrans-1.6.0-piohqdaeyemytalvovzxrn7vtk4wslny (1m27s)
[ ] yrozz65 util-linux-uuid@2.41 build (1m35s)
[+] 5uvx6tw xproto@7.0.31 /home/runner/spack/opt/spack/linux-zen4/xproto-7.0.31-5uvx6twbjq267jpu6fclwzmitbzw3nwy (1m36s)
==> Updating view at /home/runner/rocm
[+] 25hgxn3 sed@4.9 /home/runner/spack/opt/spack/linux-zen4/sed-4.9-25hgxn3a42fayihrmgsiep22iydtoetl (3m41s)
/home/runner/spack/bin/spack -c config:install_status:false -e '/home/runner/environment' install   --only-concrete --only=package /g7x5fqzmic2vkpefdkcb75ugbguwmo7x # diffutils@3.12 build_system=autotools platform=linux os=rhel9 target=zen4
/home/runner/spack/bin/spack -c config:install_status:false -e '/home/runner/environment' install   --only-concrete --only=package /rrxmhtv2fct2xzwgsuesft3j56d4j6vj # libunistring@1.4.2 build_system=autotools platform=linux os=rhel9 target=zen4
[ ] c2eru7d libpciaccess@0.17 install (1m39s)
[ ] 5jynrns expat@2.8.1 build (51s)
[ ] 5jynrns expat@2.8.1 install (58s)
[+] 5jynrns expat@2.8.1 /home/runner/spack/opt/spack/linux-zen4/expat-2.8.1-5jynrnssuq3owoh3zdl4vuhqtjwrxx6n (58s)
[ ] yrozz65 util-linux-uuid@2.41 install (2m02s)
==> Updating view at /home/runner/rocm
[ ] g7x5fqz diffutils@3.12 staging (0s)
[ ] rrxmhtv libunistring@1.4.2 staging (0s)
[ ] g7x5fqz diffutils@3.12 autoreconf (1s)
[ ] g7x5fqz diffutils@3.12 configure (1s)
[ ] rrxmhtv libunistring@1.4.2 autoreconf (1s)
[ ] rrxmhtv libunistring@1.4.2 configure (1s)
[ ] 4qf4nve ncurses@6.6 build (2m14s)
[+] c2eru7d libpciaccess@0.17 /home/runner/spack/opt/spack/linux-zen4/libpciaccess-0.17-c2eru7dzqolyxsdfacmx7pnv4ngkzkit (2m19s)
[ ] zocu2kd grep@3.12 build (4m42s)
==> Updating view at /home/runner/rocm
[ ] zocu2kd grep@3.12 install (4m47s)
==> Updating view at /home/runner/rocm
/home/runner/spack/bin/spack -c config:install_status:false -e '/home/runner/environment' install   --only-concrete --only=package /e7neztx5ar6irwd2klnwvhagv5dxjwq2 # libxml2@2.15.3+pic~python+shared build_system=autotools platform=linux os=rhel9 target=zen4
[ ] e7neztx libxml2@2.15.3 staging (0s)
/home/runner/spack/bin/spack -c config:install_status:false -e '/home/runner/environment' install   --only-concrete --only=package /vqybpm3mrdtyixjn5yk7zrwc47mjgfgx # libxau@1.0.12 build_system=autotools platform=linux os=rhel9 target=zen4
/home/runner/spack/bin/spack -c config:install_status:false -e '/home/runner/environment' install   --only-concrete --only=package /4f7o64fbxji7lhkdgxij77elmrrju37t # libxdmcp@1.1.5 build_system=autotools platform=linux os=rhel9 target=zen4
/home/runner/spack/bin/spack -c config:install_status:false -e '/home/runner/environment' install   --only-concrete --only=package /evef5fpa3vuf6qpxdbtduzg4juk5dnnc # libxshmfence@1.3.3 build_system=autotools platform=linux os=rhel9 target=zen4
/home/runner/spack/bin/spack -c config:install_status:false -e '/home/runner/environment' install   --only-concrete --only=package /hzdlnhrkh55sqxvbar5ipce4jet2eczt # libice@1.1.2 build_system=autotools platform=linux os=rhel9 target=zen4
[ ] hzdlnhr libice@1.1.2 staging (0s)
[ ] vqybpm3 libxau@1.0.12 staging (0s)
[ ] evef5fp libxshmfence@1.3.3 staging (0s)
[ ] 4f7o64f libxdmcp@1.1.5 staging (0s)
[ ] 4qf4nve ncurses@6.6 install (3m08s)
[ ] vqybpm3 libxau@1.0.12 autoreconf (5s)
[ ] vqybpm3 libxau@1.0.12 configure (5s)
[ ] 4f7o64f libxdmcp@1.1.5 autoreconf (5s)
[ ] 4f7o64f libxdmcp@1.1.5 configure (5s)
[ ] hzdlnhr libice@1.1.2 autoreconf (5s)
[ ] hzdlnhr libice@1.1.2 configure (5s)
[ ] evef5fp libxshmfence@1.3.3 autoreconf (6s)
[ ] evef5fp libxshmfence@1.3.3 configure (6s)
[+] zocu2kd grep@3.12 /home/runner/spack/opt/spack/linux-zen4/grep-3.12-zocu2kdikkdpabca5gb7nyyohjc2m7rk (5m41s)
[ ] evef5fp libxshmfence@1.3.3 build (47s)
[ ] evef5fp libxshmfence@1.3.3 install (47s)
[+] evef5fp libxshmfence@1.3.3 /home/runner/spack/opt/spack/linux-zen4/libxshmfence-1.3.3-evef5fpa3vuf6qpxdbtduzg4juk5dnnc (47s)
[ ] vqybpm3 libxau@1.0.12 build (54s)
[ ] vqybpm3 libxau@1.0.12 install (55s)
[+] yrozz65 util-linux-uuid@2.41 /home/runner/spack/opt/spack/linux-zen4/util-linux-uuid-2.41-yrozz65qtkoqci6bbpv2ifnowxqehmbw (4m05s)
==> Updating view at /home/runner/rocm
[+] vqybpm3 libxau@1.0.12 /home/runner/spack/opt/spack/linux-zen4/libxau-1.0.12-vqybpm3mrdtyixjn5yk7zrwc47mjgfgx (1m03s)
==> Updating view at /home/runner/rocm
[+] 64zj6o7 berkeley-db@18.1.40 /home/runner/spack/opt/spack/linux-zen4/berkeley-db-18.1.40-64zj6o7ge5bgfv2yjr4wtsxez4dvareg (6m27s)
[ ] hzdlnhr libice@1.1.2 build (1m23s)
[ ] 4f7o64f libxdmcp@1.1.5 build (1m24s)
[ ] 4f7o64f libxdmcp@1.1.5 install (1m26s)
[+] 4f7o64f libxdmcp@1.1.5 /home/runner/spack/opt/spack/linux-zen4/libxdmcp-1.1.5-4f7o64fbxji7lhkdgxij77elmrrju37t (1m26s)
[ ] hzdlnhr libice@1.1.2 install (1m43s)
[+] hzdlnhr libice@1.1.2 /home/runner/spack/opt/spack/linux-zen4/libice-1.1.2-hzdlnhrkh55sqxvbar5ipce4jet2eczt (1m43s)
==> Updating view at /home/runner/rocm
[ ] rrxmhtv libunistring@1.4.2 build (2m37s)
==> Updating view at /home/runner/rocm
/home/runner/spack/bin/spack -c config:install_status:false -e '/home/runner/environment' install   --only-concrete --only=package /47uutwiknv5nzefh45dgjmpg67p4wxq6 # libsm@1.2.6 build_system=autotools platform=linux os=rhel9 target=zen4
[ ] 47uutwi libsm@1.2.6 staging (0s)
[ ] 47uutwi libsm@1.2.6 autoreconf (1s)
[ ] 47uutwi libsm@1.2.6 configure (1s)
[+] 4qf4nve ncurses@6.6 /home/runner/spack/opt/spack/linux-zen4/ncurses-6.6-4qf4nvezovxbsrw7ooddi5bpywxq2nbf (5m30s)
[ ] e7neztx libxml2@2.15.3 autoreconf (2m27s)
[ ] e7neztx libxml2@2.15.3 configure (2m27s)
[ ] e7neztx libxml2@2.15.3 build (2m30s)
[ ] g7x5fqz diffutils@3.12 build (3m28s)
[ ] e7neztx libxml2@2.15.3 install (2m36s)
[ ] 47uutwi libsm@1.2.6 build (34s)
[ ] 47uutwi libsm@1.2.6 install (35s)
[+] 47uutwi libsm@1.2.6 /home/runner/spack/opt/spack/linux-zen4/libsm-1.2.6-47uutwiknv5nzefh45dgjmpg67p4wxq6 (35s)
==> Updating view at /home/runner/rocm
/home/runner/spack/bin/spack -c config:install_status:false -e '/home/runner/environment' install   --only-concrete --only=package /mj4mne3m3jfirgn7pkqgujcdypp4pg6x # readline@8.3 build_system=autotools patches:=21f0a03,72dee13,e273643 platform=linux os=rhel9 target=zen4
/home/runner/spack/bin/spack -c config:install_status:false -e '/home/runner/environment' install   --only-concrete --only=package /idboxizejxe5fnoc37ju573al4vs5nmz # less@692 build_system=autotools platform=linux os=rhel9 target=zen4
/home/runner/spack/bin/spack -c config:install_status:false -e '/home/runner/environment' install   --only-concrete --only=package /lrx4otjgzx7ogtcoiprk44ap36zgiyd4 # libedit@3.1-20251016 build_system=autotools platform=linux os=rhel9 target=zen4
==> Updating view at /home/runner/rocm
[ ] idboxiz less@692 staging (0s)
[ ] mj4mne3 readline@8.3 staging (0s)
[ ] lrx4otj libedit@3.1-20251016 staging (0s)
[ ] idboxiz less@692 autoreconf (0s)
[ ] idboxiz less@692 configure (0s)
[ ] lrx4otj libedit@3.1-20251016 autoreconf (1s)
[ ] lrx4otj libedit@3.1-20251016 configure (1s)
[ ] mj4mne3 readline@8.3 autoreconf (1s)
[ ] mj4mne3 readline@8.3 configure (1s)
[ ] g7x5fqz diffutils@3.12 install (4m02s)
[ ] lrx4otj libedit@3.1-20251016 build (15s)
[ ] lrx4otj libedit@3.1-20251016 install (17s)
[ ] idboxiz less@692 build (21s)
[ ] idboxiz less@692 install (22s)
[+] idboxiz less@692 /home/runner/spack/opt/spack/linux-zen4/less-692-idboxizejxe5fnoc37ju573al4vs5nmz (22s)
[+] g7x5fqz diffutils@3.12 /home/runner/spack/opt/spack/linux-zen4/diffutils-3.12-g7x5fqzmic2vkpefdkcb75ugbguwmo7x (4m34s)
[+] lrx4otj libedit@3.1-20251016 /home/runner/spack/opt/spack/linux-zen4/libedit-3.1-20251016-lrx4otjgzx7ogtcoiprk44ap36zgiyd4 (34s)
[ ] mj4mne3 readline@8.3 build (39s)
==> Updating view at /home/runner/rocm
[ ] mj4mne3 readline@8.3 install (1m05s)
[ ] rrxmhtv libunistring@1.4.2 install (5m06s)
[+] mj4mne3 readline@8.3 /home/runner/spack/opt/spack/linux-zen4/readline-8.3-mj4mne3m3jfirgn7pkqgujcdypp4pg6x (1m17s)
==> Updating view at /home/runner/rocm
/home/runner/spack/bin/spack -c config:install_status:false -e '/home/runner/environment' install   --only-concrete --only=package /dsyjzna6dpsp4xybrr5wfqsruwqfygyf # bzip2@1.0.8~debug~pic+shared build_system=generic platform=linux os=rhel9 target=zen4
/home/runner/spack/bin/spack -c config:install_status:false -e '/home/runner/environment' install   --only-concrete --only=package /57s4mpkklllosqw6nsp6dfvo5r2re3hu # nghttp2@1.67.1 build_system=autotools platform=linux os=rhel9 target=zen4
/home/runner/spack/bin/spack -c config:install_status:false -e '/home/runner/environment' install   --only-concrete --only=package /47qkwz3ir7rcvy2hp3qt2p3xitre5tqs # m4@1.4.21+sigsegv build_system=autotools platform=linux os=rhel9 target=zen4
==> Updating view at /home/runner/rocm
/home/runner/spack/bin/spack -c config:install_status:false -e '/home/runner/environment' install   --only-concrete --only=package /ihl6ohivxxlabcjipvm2hmk7dvaui65k # gdbm@1.26 build_system=autotools platform=linux os=rhel9 target=zen4
/home/runner/spack/bin/spack -c config:install_status:false -e '/home/runner/environment' install   --only-concrete --only=package /fwpp4xlfuwwi7lzedijnwqhx6uzx3pg6 # sqlite@3.53.1+column_metadata+fts+rtree build_system=autotools platform=linux os=rhel9 target=zen4
[ ] dsyjzna bzip2@1.0.8 staging (0s)
[ ] 57s4mpk nghttp2@1.67.1 staging (0s)
[ ] 47qkwz3 m4@1.4.21 staging (0s)
[ ] ihl6ohi gdbm@1.26 staging (0s)
[ ] fwpp4xl sqlite@3.53.1 staging (0s)
[ ] dsyjzna bzip2@1.0.8 install (1s)
[ ] 57s4mpk nghttp2@1.67.1 autoreconf (1s)
[ ] 57s4mpk nghttp2@1.67.1 configure (1s)
[ ] fwpp4xl sqlite@3.53.1 autoreconf (0s)
[ ] fwpp4xl sqlite@3.53.1 configure (0s)
[ ] 47qkwz3 m4@1.4.21 autoreconf (0s)
[ ] 47qkwz3 m4@1.4.21 configure (0s)
[ ] ihl6ohi gdbm@1.26 autoreconf (0s)
[ ] ihl6ohi gdbm@1.26 configure (0s)
[+] dsyjzna bzip2@1.0.8 /home/runner/spack/opt/spack/linux-zen4/bzip2-1.0.8-dsyjzna6dpsp4xybrr5wfqsruwqfygyf (3s)
[ ] ihl6ohi gdbm@1.26 build (43s)
==> Updating view at /home/runner/rocm
/home/runner/spack/bin/spack -c config:install_status:false -e '/home/runner/environment' install   --only-concrete --only=package /voaqqlqb7dsukisr3llvsecvfo7re7eo # tar@1.35 build_system=autotools zip=pigz platform=linux os=rhel9 target=zen4
/home/runner/spack/bin/spack -c config:install_status:false -e '/home/runner/environment' install   --only-concrete --only=package /pv2l2mnihtq3cjkluyxer4pywss6e7t4 # file@5.46+static build_system=autotools platform=linux os=rhel9 target=zen4
[ ] voaqqlq tar@1.35 staging (0s)
[ ] pv2l2mn file@5.46 staging (0s)
[ ] pv2l2mn file@5.46 autoreconf (1s)
[ ] pv2l2mn file@5.46 configure (1s)
[+] e7neztx libxml2@2.15.3 /home/runner/spack/opt/spack/linux-zen4/libxml2-2.15.3-e7neztx5ar6irwd2klnwvhagv5dxjwq2 (5m51s)
[+] rrxmhtv libunistring@1.4.2 /home/runner/spack/opt/spack/linux-zen4/libunistring-1.4.2-rrxmhtv2fct2xzwgsuesft3j56d4j6vj (6m45s)
[ ] 57s4mpk nghttp2@1.67.1 build (1m02s)
[ ] fwpp4xl sqlite@3.53.1 build (1m03s)
[ ] voaqqlq tar@1.35 autoreconf (13s)
[ ] voaqqlq tar@1.35 configure (13s)
[ ] 57s4mpk nghttp2@1.67.1 install (1m05s)
[ ] ihl6ohi gdbm@1.26 install (1m13s)
[+] ihl6ohi gdbm@1.26 /home/runner/spack/opt/spack/linux-zen4/gdbm-1.26-ihl6ohivxxlabcjipvm2hmk7dvaui65k (1m29s)
[+] 57s4mpk nghttp2@1.67.1 /home/runner/spack/opt/spack/linux-zen4/nghttp2-1.67.1-57s4mpkklllosqw6nsp6dfvo5r2re3hu (1m32s)
[ ] pv2l2mn file@5.46 build (55s)
[ ] pv2l2mn file@5.46 install (57s)
[ ] fwpp4xl sqlite@3.53.1 install (1m50s)
[+] fwpp4xl sqlite@3.53.1 /home/runner/spack/opt/spack/linux-zen4/sqlite-3.53.1-fwpp4xlfuwwi7lzedijnwqhx6uzx3pg6 (1m50s)
==> Updating view at /home/runner/rocm
/home/runner/spack/bin/spack -c config:install_status:false -e '/home/runner/environment' install   --only-concrete --only=package /2jm7itt3n23ougte6fdf6dlgbchb34y3 # libidn2@2.3.8 build_system=autotools platform=linux os=rhel9 target=zen4
[+] pv2l2mn file@5.46 /home/runner/spack/opt/spack/linux-zen4/file-5.46-pv2l2mnihtq3cjkluyxer4pywss6e7t4 (1m12s)
==> Updating view at /home/runner/rocm
[ ] 2jm7itt libidn2@2.3.8 staging (0s)
/home/runner/spack/bin/spack -c config:install_status:false -e '/home/runner/environment' install   --only-concrete --only=package /hbn7hrcqiqvqeq2rhiz3aaqtduhkxj23 # perl@5.42.0+cpanm+opcode+open+shared+threads build_system=generic platform=linux os=rhel9 target=zen4
[ ] 2jm7itt libidn2@2.3.8 autoreconf (1s)
[ ] 2jm7itt libidn2@2.3.8 configure (1s)
[ ] hbn7hrc perl@5.42.0 staging (0s)
/home/runner/spack/bin/spack -c config:install_status:false -e '/home/runner/environment' install   --only-concrete --only=package /ihzaj6h2ldfnpvylmgqx3qhbln3iwvhk # hwloc@2.13.0~cairo~cuda~gl~level_zero~libudev+libxml2~nvml~opencl+pci~rocm build_system=autotools libs:=shared,static patches:=b4db98b platform=linux os=rhel9 target=zen4
[ ] ihzaj6h hwloc@2.13.0 staging (0s)
[ ] ihzaj6h hwloc@2.13.0 autoreconf (1s)
[ ] ihzaj6h hwloc@2.13.0 configure (1s)
[ ] hbn7hrc perl@5.42.0 configure (12s)
[ ] ihzaj6h hwloc@2.13.0 build (41s)
[ ] 2jm7itt libidn2@2.3.8 build (46s)
[ ] ihzaj6h hwloc@2.13.0 install (47s)
[ ] 2jm7itt libidn2@2.3.8 install (1m09s)
[+] ihzaj6h hwloc@2.13.0 /home/runner/spack/opt/spack/linux-zen4/hwloc-2.13.0-ihzaj6h2ldfnpvylmgqx3qhbln3iwvhk (1m15s)
[+] 2jm7itt libidn2@2.3.8 /home/runner/spack/opt/spack/linux-zen4/libidn2-2.3.8-2jm7itt3n23ougte6fdf6dlgbchb34y3 (1m32s)
[ ] 275woqn openblas@0.3.33 install (13m53s)
==> Updating view at /home/runner/rocm
[ ] voaqqlq tar@1.35 build (3m01s)
[ ] 47qkwz3 m4@1.4.21 build (4m18s)
[ ] 47qkwz3 m4@1.4.21 install (4m21s)
[ ] voaqqlq tar@1.35 install (3m36s)
[+] voaqqlq tar@1.35 /home/runner/spack/opt/spack/linux-zen4/tar-1.35-voaqqlqb7dsukisr3llvsecvfo7re7eo (3m45s)
[+] 47qkwz3 m4@1.4.21 /home/runner/spack/opt/spack/linux-zen4/m4-1.4.21-47qkwz3ir7rcvy2hp3qt2p3xitre5tqs (4m58s)
==> Updating view at /home/runner/rocm
/home/runner/spack/bin/spack -c config:install_status:false -e '/home/runner/environment' install   --only-concrete --only=package /n6o5odgkm4qgmrb4ag5zch2hlqhrk4ad # gettext@1.0+bzip2+curses+git~libunistring+libxml2+pic+shared+tar+xz build_system=autotools platform=linux os=rhel9 target=zen4
/home/runner/spack/bin/spack -c config:install_status:false -e '/home/runner/environment' install   --only-concrete --only=package /btqfuy7e4izkf4n3lvuiftvc5qi24mo7 # bison@3.8.2~color build_system=autotools platform=linux os=rhel9 target=zen4
[ ] n6o5odg gettext@1.0 staging (0s)
[ ] btqfuy7 bison@3.8.2 staging (0s)
[ ] btqfuy7 bison@3.8.2 autoreconf (4s)
[ ] btqfuy7 bison@3.8.2 configure (4s)
[ ] n6o5odg gettext@1.0 autoreconf (4s)
[ ] n6o5odg gettext@1.0 configure (4s)
[+] se5uyg2 go-bootstrap@1.24.13 /home/runner/spack/opt/spack/linux-zen4/go-bootstrap-1.24.13-se5uyg27xa4kypiwe3b6etbvlrzp5w7y (16m03s)
[ ] hbn7hrc perl@5.42.0 build (3m47s)
[ ] hbn7hrc perl@5.42.0 install (4m36s)
[ ] btqfuy7 bison@3.8.2 build (2m08s)
[ ] btqfuy7 bison@3.8.2 install (2m19s)
[+] btqfuy7 bison@3.8.2 /home/runner/spack/opt/spack/linux-zen4/bison-3.8.2-btqfuy7e4izkf4n3lvuiftvc5qi24mo7 (3m04s)
[+] 275woqn openblas@0.3.33 /home/runner/spack/opt/spack/linux-zen4/openblas-0.3.33-275woqn5rnb4vuuxqvq3k4y7ldsygtpb (19m09s)
[+] hbn7hrc perl@5.42.0 /home/runner/spack/opt/spack/linux-zen4/perl-5.42.0-hbn7hrcqiqvqeq2rhiz3aaqtduhkxj23 (7m30s)
==> Updating view at /home/runner/rocm
==> Updating view at /home/runner/rocm
/home/runner/spack/bin/spack -c config:install_status:false -e '/home/runner/environment' install   --only-concrete --only=package /fhyx2nxxqw2s23fehiyv7hov4gckd43n # openssl@3.6.1~docs+shared build_system=generic certs=mozilla platform=linux os=rhel9 target=zen4
/home/runner/spack/bin/spack -c config:install_status:false -e '/home/runner/environment' install   --only-concrete --only=package /a52wxvx7efnbtdsmafnw6esgrh76667y # libxcrypt@4.5.2~obsolete_api build_system=autotools platform=linux os=rhel9 target=zen4
/home/runner/spack/bin/spack -c config:install_status:false -e '/home/runner/environment' install   --only-concrete --only=package /dvg6xm7wwivwu4vqkdk64ybebrpwwncm # autoconf@2.72 build_system=autotools platform=linux os=rhel9 target=zen4
/home/runner/spack/bin/spack -c config:install_status:false -e '/home/runner/environment' install   --only-concrete --only=package /u34s5jhx3pae6hxekvw5rpbfyqhtno5i # perl-file-which@1.27 build_system=perl platform=linux os=rhel9 target=zen4
/home/runner/spack/bin/spack -c config:install_status:false -e '/home/runner/environment' install   --only-concrete --only=package /vat6dwzsgd32apoawxksv4wkv2lndo7w # perl-module-build@0.4234 build_system=perl platform=linux os=rhel9 target=zen4
[ ] dvg6xm7 autoconf@2.72 staging (0s)
[ ] a52wxvx libxcrypt@4.5.2 staging (0s)
[ ] u34s5jh perl-file-which@1.27 staging (0s)
[ ] fhyx2nx openssl@3.6.1 staging (0s)
[ ] vat6dwz perl-module-build@0.4234 staging (0s)
[ ] u34s5jh perl-file-which@1.27 configure (5s)
[ ] a52wxvx libxcrypt@4.5.2 autoreconf (5s)
[ ] a52wxvx libxcrypt@4.5.2 configure (5s)
[ ] u34s5jh perl-file-which@1.27 build (5s)
[ ] vat6dwz perl-module-build@0.4234 configure (5s)
[ ] dvg6xm7 autoconf@2.72 autoreconf (5s)
[ ] dvg6xm7 autoconf@2.72 configure (5s)
[ ] u34s5jh perl-file-which@1.27 install (5s)
[ ] vat6dwz perl-module-build@0.4234 build (5s)
[+] u34s5jh perl-file-which@1.27 /home/runner/spack/opt/spack/linux-zen4/perl-file-which-1.27-u34s5jhx3pae6hxekvw5rpbfyqhtno5i (5s)
[ ] vat6dwz perl-module-build@0.4234 install (6s)
[ ] dvg6xm7 autoconf@2.72 build (7s)
[ ] dvg6xm7 autoconf@2.72 install (7s)
[ ] fhyx2nx openssl@3.6.1 install (7s)
[+] vat6dwz perl-module-build@0.4234 /home/runner/spack/opt/spack/linux-zen4/perl-module-build-0.4234-vat6dwzsgd32apoawxksv4wkv2lndo7w (17s)
[+] dvg6xm7 autoconf@2.72 /home/runner/spack/opt/spack/linux-zen4/autoconf-2.72-dvg6xm7wwivwu4vqkdk64ybebrpwwncm (22s)
[ ] a52wxvx libxcrypt@4.5.2 build (31s)
==> Updating view at /home/runner/rocm
/home/runner/spack/bin/spack -c config:install_status:false -e '/home/runner/environment' install   --only-concrete --only=package /7ezup4dv4qcrumevwytzgecng3444pqb # perl-uri-encode@1.1.1 build_system=perl platform=linux os=rhel9 target=zen4
/home/runner/spack/bin/spack -c config:install_status:false -e '/home/runner/environment' install   --only-concrete --only=package /x245yho4yai6htlbfa3rbuwtgq4nagvk # automake@1.18.1 build_system=autotools platform=linux os=rhel9 target=zen4
[ ] 7ezup4d perl-uri-encode@1.1.1 staging (0s)
[ ] 7ezup4d perl-uri-encode@1.1.1 configure (0s)
[ ] 7ezup4d perl-uri-encode@1.1.1 build (1s)
[ ] x245yho automake@1.18.1 staging (0s)
[ ] 7ezup4d perl-uri-encode@1.1.1 install (1s)
[+] 7ezup4d perl-uri-encode@1.1.1 /home/runner/spack/opt/spack/linux-zen4/perl-uri-encode-1.1.1-7ezup4dv4qcrumevwytzgecng3444pqb (1s)
[ ] x245yho automake@1.18.1 autoreconf (0s)
[ ] x245yho automake@1.18.1 configure (0s)
[ ] x245yho automake@1.18.1 build (2s)
[ ] x245yho automake@1.18.1 install (2s)
[ ] a52wxvx libxcrypt@4.5.2 install (46s)
[+] a52wxvx libxcrypt@4.5.2 /home/runner/spack/opt/spack/linux-zen4/libxcrypt-4.5.2-a52wxvx7efnbtdsmafnw6esgrh76667y (57s)
==> Updating view at /home/runner/rocm
[+] x245yho automake@1.18.1 /home/runner/spack/opt/spack/linux-zen4/automake-1.18.1-x245yho4yai6htlbfa3rbuwtgq4nagvk (39s)
==> Updating view at /home/runner/rocm
[ ] n6o5odg gettext@1.0 build (6m27s)
[+] fhyx2nx openssl@3.6.1 /home/runner/spack/opt/spack/linux-zen4/openssl-3.6.1-fhyx2nxxqw2s23fehiyv7hov4gckd43n (2m16s)
==> Updating view at /home/runner/rocm
/home/runner/spack/bin/spack -c config:install_status:false -e '/home/runner/environment' install   --only-concrete --only=package /hfxp4t2o6hwknt43odoikaox4vxsp3ra # curl@8.20.0~gssapi~ldap~libidn2~librtmp~libssh~libssh2+nghttp2 build_system=autotools libs:=shared,static tls:=openssl platform=linux os=rhel9 target=zen4
/home/runner/spack/bin/spack -c config:install_status:false -e '/home/runner/environment' install   --only-concrete --only=package /xd6tvtrqgfinwuby5s42cz6ibsumtqnb # libevent@2.1.12+openssl build_system=autotools platform=linux os=rhel9 target=zen4
[ ] xd6tvtr libevent@2.1.12 staging (0s)
[ ] hfxp4t2 curl@8.20.0 staging (0s)
[ ] xd6tvtr libevent@2.1.12 autoreconf (0s)
[ ] xd6tvtr libevent@2.1.12 configure (0s)
[ ] hfxp4t2 curl@8.20.0 autoreconf (1s)
[ ] hfxp4t2 curl@8.20.0 configure (1s)
[ ] xd6tvtr libevent@2.1.12 build (22s)
[ ] xd6tvtr libevent@2.1.12 install (25s)
[+] xd6tvtr libevent@2.1.12 /home/runner/spack/opt/spack/linux-zen4/libevent-2.1.12-xd6tvtrqgfinwuby5s42cz6ibsumtqnb (30s)
[ ] hfxp4t2 curl@8.20.0 build (41s)
[ ] hfxp4t2 curl@8.20.0 install (1m00s)
==> Updating view at /home/runner/rocm
[+] hfxp4t2 curl@8.20.0 /home/runner/spack/opt/spack/linux-zen4/curl-8.20.0-hfxp4t2o6hwknt43odoikaox4vxsp3ra (1m26s)
[+] j2qc2yw boost@1.90.0 /home/runner/spack/opt/spack/linux-zen4/boost-1.90.0-j2qc2ywc5q5ocbblw6bhx44j2clmplhp (25m13s)
==> Updating view at /home/runner/rocm
/home/runner/spack/bin/spack -c config:install_status:false -e '/home/runner/environment' install   --only-concrete --only=package /hizwkl76ppxdgbdqa3ioeendekiz7unr # cmake@3.31.11~doc+ncurses+ownlibs~qtgui build_system=generic build_type=Release platform=linux os=rhel9 target=zen4
==> Updating view at /home/runner/rocm
[ ] hizwkl7 cmake@3.31.11 staging (0s)
[ ] hizwkl7 cmake@3.31.11 bootstrap (2s)
[ ] n6o5odg gettext@1.0 install (10m01s)
[+] n6o5odg gettext@1.0 /home/runner/spack/opt/spack/linux-zen4/gettext-1.0-n6o5odgkm4qgmrb4ag5zch2hlqhrk4ad (11m40s)
==> Updating view at /home/runner/rocm
/home/runner/spack/bin/spack -c config:install_status:false -e '/home/runner/environment' install   --only-concrete --only=package /kp5rcjrz4avntb74okxiyjyuk5da4n2s # python@3.12.13+bz2+crypt+ctypes+dbm~debug+libxml2+lzma~optimizations+pic+pyexpat+pythoncmd+readline+shared+sqlite3+ssl~static~tests~tkinter+uuid+zlib build_system=generic platform=linux os=rhel9 target=zen4
/home/runner/spack/bin/spack -c config:install_status:false -e '/home/runner/environment' install   --only-concrete --only=package /3j6oiknsnfy476jtd6xeswizhgtbp3ka # findutils@4.10.0 build_system=autotools patches:=440b954 platform=linux os=rhel9 target=zen4
/home/runner/spack/bin/spack -c config:install_status:false -e '/home/runner/environment' install   --only-concrete --only=package /xxk43p6gwzhzaajpwwdpzj7oowxbp5i3 # elfutils@0.194~debuginfod+exeprefix+nls build_system=autotools platform=linux os=rhel9 target=zen4
[ ] xxk43p6 elfutils@0.194 staging (0s)
[ ] 3j6oikn findutils@4.10.0 staging (0s)
[ ] kp5rcjr python@3.12.13 staging (0s)
[ ] 3j6oikn findutils@4.10.0 autoreconf (1s)
[ ] 3j6oikn findutils@4.10.0 configure (1s)
[ ] xxk43p6 elfutils@0.194 autoreconf (1s)
[ ] xxk43p6 elfutils@0.194 configure (1s)
[ ] kp5rcjr python@3.12.13 configure (2s)
[ ] hizwkl7 cmake@3.31.11 build (3m00s)
[ ] xxk43p6 elfutils@0.194 build (44s)
[ ] kp5rcjr python@3.12.13 build (1m11s)
[ ] 3j6oikn findutils@4.10.0 build (1m27s)
[ ] xxk43p6 elfutils@0.194 install (1m33s)
[ ] 3j6oikn findutils@4.10.0 install (1m37s)
[ ] kp5rcjr python@3.12.13 install (1m47s)
[+] 3j6oikn findutils@4.10.0 /home/runner/spack/opt/spack/linux-zen4/findutils-4.10.0-3j6oiknsnfy476jtd6xeswizhgtbp3ka (1m50s)
/home/runner/spack/bin/spack -c config:install_status:false -e '/home/runner/environment' install   --only-concrete --only=package /oozctqaytnbz3hthgy2i7w5jcer4in65 # libtool@2.5.4 build_system=autotools platform=linux os=rhel9 target=zen4
/home/runner/spack/bin/spack -c config:install_status:false -e '/home/runner/environment' install   --only-concrete --only=package /vvy2mempclgzzyr73quiml4y7a2zao23 # flex@2.6.3+lex~nls build_system=autotools platform=linux os=rhel9 target=zen4
/home/runner/spack/bin/spack -c config:install_status:false -e '/home/runner/environment' install   --only-concrete --only=package /u72knhs5wosely5zmiichpzmdkr6d2us # krb5@1.22.2+shared build_system=autotools platform=linux os=rhel9 target=zen4
[ ] oozctqa libtool@2.5.4 staging (0s)
[ ] vvy2mem flex@2.6.3 staging (0s)
[ ] u72knhs krb5@1.22.2 staging (0s)
[ ] oozctqa libtool@2.5.4 autoreconf (6s)
[ ] oozctqa libtool@2.5.4 configure (6s)
[ ] vvy2mem flex@2.6.3 autoreconf (6s)
[ ] vvy2mem flex@2.6.3 configure (6s)
[ ] hizwkl7 cmake@3.31.11 install (4m20s)
[ ] u72knhs krb5@1.22.2 autoreconf (6s)
[ ] u72knhs krb5@1.22.2 configure (6s)
[+] xxk43p6 elfutils@0.194 /home/runner/spack/opt/spack/linux-zen4/elfutils-0.194-xxk43p6gwzhzaajpwwdpzj7oowxbp5i3 (1m59s)
[ ] oozctqa libtool@2.5.4 build (28s)
[ ] oozctqa libtool@2.5.4 install (29s)
[+] oozctqa libtool@2.5.4 /home/runner/spack/opt/spack/linux-zen4/libtool-2.5.4-oozctqaytnbz3hthgy2i7w5jcer4in65 (34s)
[ ] vvy2mem flex@2.6.3 build (34s)
[ ] vvy2mem flex@2.6.3 install (37s)
[+] vvy2mem flex@2.6.3 /home/runner/spack/opt/spack/linux-zen4/flex-2.6.3-vvy2mempclgzzyr73quiml4y7a2zao23 (37s)
[ ] u72knhs krb5@1.22.2 build (1m02s)
==> Updating view at /home/runner/rocm
/home/runner/spack/bin/spack -c config:install_status:false -e '/home/runner/environment' install   --only-concrete --only=package /z4dkpdlxto763iabzmbksn6sqo2h6jk5 # numactl@2.0.19 build_system=autotools platform=linux os=rhel9 target=zen4
/home/runner/spack/bin/spack -c config:install_status:false -e '/home/runner/environment' install   --only-concrete --only=package /rpyaptpb5mu46t7ekcwnxt5pbuq4tzjh # libunwind@1.8.3~block_signals~conservative_checks~cxx_exceptions~debug~debug_frame+docs~pic+tests+weak_backtrace~xz~zlib build_system=autotools components:=none libs:=shared,static patches:=4562c23 platform=linux os=rhel9 target=zen4
/home/runner/spack/bin/spack -c config:install_status:false -e '/home/runner/environment' install   --only-concrete --only=package /rsv6w5icuk2xm3eyitfpclrdu6v44cmu # procps@4.0.6+nls build_system=autotools platform=linux os=rhel9 target=zen4
/home/runner/spack/bin/spack -c config:install_status:false -e '/home/runner/environment' install   --only-concrete --only=package /6d5uinipxlcihrpcmznq7j2dmeevirib # pmix@6.1.0~munge~python build_system=autotools platform=linux os=rhel9 target=zen4
/home/runner/spack/bin/spack -c config:install_status:false -e '/home/runner/environment' install   --only-concrete --only=package /7faou3w3syccze3mbhymi3aw6lzf5pus # bash@5.3 build_system=autotools patches:=097cd72,1f60843,29119ad,9591d24,c0976bb,cca1ef5,e385548,eee30fe,f245d9c platform=linux os=rhel9 target=zen4
[ ] 6d5uini pmix@6.1.0 staging (1s)
[ ] rpyaptp libunwind@1.8.3 staging (1s)
[ ] rsv6w5i procps@4.0.6 staging (1s)
[ ] 7faou3w bash@5.3 staging (1s)
[ ] z4dkpdl numactl@2.0.19 staging (0s)
[ ] z4dkpdl numactl@2.0.19 autoreconf (4s)
[ ] rsv6w5i procps@4.0.6 autoreconf (5s)
[ ] rpyaptp libunwind@1.8.3 autoreconf (5s)
[ ] rpyaptp libunwind@1.8.3 configure (5s)
[+] kp5rcjr python@3.12.13 /home/runner/spack/opt/spack/linux-zen4/python-3.12.13-kp5rcjrz4avntb74okxiyjyuk5da4n2s (3m14s)
[ ] 6d5uini pmix@6.1.0 autoreconf (13s)
[ ] 6d5uini pmix@6.1.0 configure (13s)
[ ] 7faou3w bash@5.3 autoreconf (15s)
[ ] 7faou3w bash@5.3 configure (15s)
[ ] rpyaptp libunwind@1.8.3 build (17s)
[ ] rsv6w5i procps@4.0.6 configure (21s)
[ ] z4dkpdl numactl@2.0.19 configure (23s)
[ ] z4dkpdl numactl@2.0.19 build (26s)
[ ] z4dkpdl numactl@2.0.19 install (27s)
[+] z4dkpdl numactl@2.0.19 /home/runner/spack/opt/spack/linux-zen4/numactl-2.0.19-z4dkpdlxto763iabzmbksn6sqo2h6jk5 (27s)
[ ] rsv6w5i procps@4.0.6 build (30s)
[ ] rsv6w5i procps@4.0.6 install (41s)
[+] rsv6w5i procps@4.0.6 /home/runner/spack/opt/spack/linux-zen4/procps-4.0.6-rsv6w5icuk2xm3eyitfpclrdu6v44cmu (50s)
==> Updating view at /home/runner/rocm
/home/runner/spack/bin/spack -c config:install_status:false -e '/home/runner/environment' install   --only-concrete --only=package /ya5epd4arzpdm4hmkpj6jfvrjsvnktlo # re2c@4.4 build_system=autotools platform=linux os=rhel9 target=zen4
/home/runner/spack/bin/spack -c config:install_status:false -e '/home/runner/environment' install   --only-concrete --only=package /yfcvnp6fmbl5dcwvc2ualbpt3ozuyrf4 # python-venv@1.0 build_system=generic platform=linux os=rhel9 target=zen4
[ ] u72knhs krb5@1.22.2 install (2m11s)
[ ] rpyaptp libunwind@1.8.3 install (58s)
[ ] 6d5uini pmix@6.1.0 build (1m15s)
[+] rpyaptp libunwind@1.8.3 /home/runner/spack/opt/spack/linux-zen4/libunwind-1.8.3-rpyaptpb5mu46t7ekcwnxt5pbuq4tzjh (1m21s)
==> Updating view at /home/runner/rocm
==> Updating view at /home/runner/rocm
[ ] ya5epd4 re2c@4.4 staging (0s)
[ ] ya5epd4 re2c@4.4 autoreconf (1s)
[ ] ya5epd4 re2c@4.4 configure (1s)
[+] u72knhs krb5@1.22.2 /home/runner/spack/opt/spack/linux-zen4/krb5-1.22.2-u72knhs5wosely5zmiichpzmdkr6d2us (3m11s)
[ ] yfcvnp6 python-venv@1.0 staging (8s)
[ ] yfcvnp6 python-venv@1.0 install (8s)
[+] yfcvnp6 python-venv@1.0 /home/runner/spack/opt/spack/linux-zen4/python-venv-1.0-yfcvnp6fmbl5dcwvc2ualbpt3ozuyrf4 (8s)
[ ] ya5epd4 re2c@4.4 build (11s)
==> Updating view at /home/runner/rocm
/home/runner/spack/bin/spack -c config:install_status:false -e '/home/runner/environment' install   --only-concrete --only=package /xun2lfzxdmyznv6xutfl7oqifgz4a43g # openssh@10.3p1+gssapi build_system=autotools platform=linux os=rhel9 target=zen4
[ ] 7faou3w bash@5.3 build (2m29s)
[ ] 7faou3w bash@5.3 install (2m34s)
==> Updating view at /home/runner/rocm
/home/runner/spack/bin/spack -c config:install_status:false -e '/home/runner/environment' install   --only-concrete --only=package /nfqzvjcbvc3jgszwip5rv5hn7sesfst3 # py-pip@26.1.2 build_system=generic platform=linux os=rhel9 target=zen4
/home/runner/spack/bin/spack -c config:install_status:false -e '/home/runner/environment' install   --only-concrete --only=package /pgahftxxcoew5muzafn4vxitwr52ctp4 # xcb-proto@1.17.0 build_system=autotools platform=linux os=rhel9 target=zen4
[ ] nfqzvjc py-pip@26.1.2 staging (0s)
[ ] pgahftx xcb-proto@1.17.0 staging (0s)
[ ] xun2lfz openssh@10.3p1 staging (0s)
[ ] pgahftx xcb-proto@1.17.0 autoreconf (4s)
[ ] nfqzvjc py-pip@26.1.2 install (4s)
[ ] pgahftx xcb-proto@1.17.0 configure (4s)
[ ] xun2lfz openssh@10.3p1 autoreconf (4s)
[ ] xun2lfz openssh@10.3p1 configure (4s)
[ ] pgahftx xcb-proto@1.17.0 build (5s)
[ ] pgahftx xcb-proto@1.17.0 install (5s)
[ ] ya5epd4 re2c@4.4 install (1m15s)
[+] 7faou3w bash@5.3 /home/runner/spack/opt/spack/linux-zen4/bash-5.3-7faou3w3syccze3mbhymi3aw6lzf5pus (3m10s)
[+] pgahftx xcb-proto@1.17.0 /home/runner/spack/opt/spack/linux-zen4/xcb-proto-1.17.0-pgahftxxcoew5muzafn4vxitwr52ctp4 (19s)
/home/runner/spack/bin/spack -c config:install_status:false -e '/home/runner/environment' install   --only-concrete --only=package /wbicpf76h7dvmgtgja24iycmdpufx5aw # libxcb@1.17.0 build_system=autotools platform=linux os=rhel9 target=zen4
/home/runner/spack/bin/spack -c config:install_status:false -e '/home/runner/environment' install   --only-concrete --only=package /augthrwmuvnamvdjkcegau4xpxmyemab # go@1.26.4 build_system=generic platform=linux os=rhel9 target=zen4
[ ] augthrw go@1.26.4 staging (0s)
[ ] wbicpf7 libxcb@1.17.0 staging (0s)
[ ] wbicpf7 libxcb@1.17.0 autoreconf (0s)
[ ] wbicpf7 libxcb@1.17.0 configure (0s)
[ ] augthrw go@1.26.4 build (2s)
[+] nfqzvjc py-pip@26.1.2 /home/runner/spack/opt/spack/linux-zen4/py-pip-26.1.2-nfqzvjcbvc3jgszwip5rv5hn7sesfst3 (25s)
/home/runner/spack/bin/spack -c config:install_status:false -e '/home/runner/environment' install   --only-concrete --only=package /sibqi5bywd33eddvftmc3b4bnwupqxjt # py-setuptools@82.0.1 build_system=generic platform=linux os=rhel9 target=zen4
/home/runner/spack/bin/spack -c config:install_status:false -e '/home/runner/environment' install   --only-concrete --only=package /ntg2tjpwd42vbmraz3ufdl76izxw7yzn # py-wheel@0.45.1 build_system=generic platform=linux os=rhel9 target=zen4
[ ] ntg2tjp py-wheel@0.45.1 staging (0s)
[ ] sibqi5b py-setuptools@82.0.1 staging (0s)
[ ] ntg2tjp py-wheel@0.45.1 install (0s)
[ ] sibqi5b py-setuptools@82.0.1 install (1s)
[+] ntg2tjp py-wheel@0.45.1 /home/runner/spack/opt/spack/linux-zen4/py-wheel-0.45.1-ntg2tjpwd42vbmraz3ufdl76izxw7yzn (1s)
/home/runner/spack/bin/spack -c config:install_status:false -e '/home/runner/environment' install   --only-concrete --only=package /pksnvuhzpg3mmehp35f4aor2hrsa2e4p # py-flit-core@3.12.0 build_system=python_pip platform=linux os=rhel9 target=zen4
[ ] pksnvuh py-flit-core@3.12.0 staging (1s)
[ ] pksnvuh py-flit-core@3.12.0 install (1s)
[+] pksnvuh py-flit-core@3.12.0 /home/runner/spack/opt/spack/linux-zen4/py-flit-core-3.12.0-pksnvuhzpg3mmehp35f4aor2hrsa2e4p (1s)
/home/runner/spack/bin/spack -c config:install_status:false -e '/home/runner/environment' install   --only-concrete --only=package /o3pmwszlplgb226j3ouugbrtu6wehxdc # py-packaging@26.2 build_system=python_pip platform=linux os=rhel9 target=zen4
/home/runner/spack/bin/spack -c config:install_status:false -e '/home/runner/environment' install   --only-concrete --only=package /x6eepxkoyqrok7olty6rcenici352y2w # py-pathspec@1.1.1 build_system=python_pip platform=linux os=rhel9 target=zen4
[ ] o3pmwsz py-packaging@26.2 staging (0s)
[ ] x6eepxk py-pathspec@1.1.1 staging (0s)
[ ] x6eepxk py-pathspec@1.1.1 install (1s)
[ ] o3pmwsz py-packaging@26.2 install (1s)
[+] x6eepxk py-pathspec@1.1.1 /home/runner/spack/opt/spack/linux-zen4/py-pathspec-1.1.1-x6eepxkoyqrok7olty6rcenici352y2w (1s)
[ ] wbicpf7 libxcb@1.17.0 build (14s)
[+] o3pmwsz py-packaging@26.2 /home/runner/spack/opt/spack/linux-zen4/py-packaging-26.2-o3pmwszlplgb226j3ouugbrtu6wehxdc (11s)
[+] sibqi5b py-setuptools@82.0.1 /home/runner/spack/opt/spack/linux-zen4/py-setuptools-82.0.1-sibqi5bywd33eddvftmc3b4bnwupqxjt (14s)
[ ] wbicpf7 libxcb@1.17.0 install (21s)
[ ] 6d5uini pmix@6.1.0 install (4m09s)
[+] ya5epd4 re2c@4.4 /home/runner/spack/opt/spack/linux-zen4/re2c-4.4-ya5epd4arzpdm4hmkpj6jfvrjsvnktlo (2m52s)
==> Updating view at /home/runner/rocm
[ ] xun2lfz openssh@10.3p1 build (1m54s)
/home/runner/spack/bin/spack -c config:install_status:false -e '/home/runner/environment' install   --only-concrete --only=package /ujtdtngboc6yykjgym7xdvtkcb77lh6z # py-markupsafe@3.0.3 build_system=python_pip platform=linux os=rhel9 target=zen4
/home/runner/spack/bin/spack -c config:install_status:false -e '/home/runner/environment' install   --only-concrete --only=package /6enjs3jrblgw6kmiq4lmt6odoek7brie # py-cython@3.2.4 build_system=python_pip platform=linux os=rhel9 target=zen4
/home/runner/spack/bin/spack -c config:install_status:false -e '/home/runner/environment' install   --only-concrete --only=package /xmgjay6f2v34jelqu2oppcvfrwykalal # py-ply@3.11 build_system=python_pip platform=linux os=rhel9 target=zen4
/home/runner/spack/bin/spack -c config:install_status:false -e '/home/runner/environment' install   --only-concrete --only=package /cndyucat6ffqf3ogxvgndcjv6nt5m6gh # py-joblib@1.5.3 build_system=python_pip platform=linux os=rhel9 target=zen4
/home/runner/spack/bin/spack -c config:install_status:false -e '/home/runner/environment' install   --only-concrete --only=package /aocpsmhfkadqlas7vumvh7rdqjonglkx # py-distlib@0.4.0 build_system=python_pip platform=linux os=rhel9 target=zen4
/home/runner/spack/bin/spack -c config:install_status:false -e '/home/runner/environment' install   --only-concrete --only=package /jobaejittrpzq4p67ziosixwqbfepzxv # py-calver@2025.10.20 build_system=python_pip platform=linux os=rhel9 target=zen4
/home/runner/spack/bin/spack -c config:install_status:false -e '/home/runner/environment' install   --only-concrete --only=package /eo5qpxb6tbrw366kb4oc7yao7cjurkmq # ninja@1.13.2+re2c build_system=generic platform=linux os=rhel9 target=zen4
[ ] xmgjay6 py-ply@3.11 staging (0s)
[ ] cndyuca py-joblib@1.5.3 staging (0s)
[ ] ujtdtng py-markupsafe@3.0.3 staging (0s)
[ ] 6enjs3j py-cython@3.2.4 staging (0s)
[ ] jobaeji py-calver@2025.10.20 staging (0s)
[ ] aocpsmh py-distlib@0.4.0 staging (0s)
[ ] eo5qpxb ninja@1.13.2 staging (0s)
[ ] jobaeji py-calver@2025.10.20 install (2s)
[ ] ujtdtng py-markupsafe@3.0.3 install (2s)
[ ] xmgjay6 py-ply@3.11 install (2s)
[ ] cndyuca py-joblib@1.5.3 install (2s)
[ ] aocpsmh py-distlib@0.4.0 install (2s)
[ ] 6enjs3j py-cython@3.2.4 install (2s)
[ ] xun2lfz openssh@10.3p1 install (1m59s)
[ ] eo5qpxb ninja@1.13.2 configure (10s)
[+] jobaeji py-calver@2025.10.20 /home/runner/spack/opt/spack/linux-zen4/py-calver-2025.10.20-jobaejittrpzq4p67ziosixwqbfepzxv (10s)
[+] xmgjay6 py-ply@3.11 /home/runner/spack/opt/spack/linux-zen4/py-ply-3.11-xmgjay6f2v34jelqu2oppcvfrwykalal (10s)
/home/runner/spack/bin/spack -c config:install_status:false -e '/home/runner/environment' install   --only-concrete --only=package /74w2ebqdmn4vwxyimkc6tyzqlzdbk2kb # py-trove-classifiers@2026.6.1.19 build_system=python_pip platform=linux os=rhel9 target=zen4
[+] aocpsmh py-distlib@0.4.0 /home/runner/spack/opt/spack/linux-zen4/py-distlib-0.4.0-aocpsmhfkadqlas7vumvh7rdqjonglkx (11s)
/home/runner/spack/bin/spack -c config:install_status:false -e '/home/runner/environment' install   --only-concrete --only=package /rdja74wce2rblyudxwg5mnnj4dhlwgpt # py-cppheaderparser@2.7.4 build_system=python_pip platform=linux os=rhel9 target=zen4
[ ] 74w2ebq py-trove-classifiers@2026.6.1.19 staging (0s)
[ ] rdja74w py-cppheaderparser@2.7.4 staging (0s)
[+] ujtdtng py-markupsafe@3.0.3 /home/runner/spack/opt/spack/linux-zen4/py-markupsafe-3.0.3-ujtdtngboc6yykjgym7xdvtkcb77lh6z (16s)
/home/runner/spack/bin/spack -c config:install_status:false -e '/home/runner/environment' install   --only-concrete --only=package /bpulvtqacsdk3wsaoaxiirnrbvtteydc # py-mako@1.3.10 build_system=python_pip platform=linux os=rhel9 target=zen4
[+] xun2lfz openssh@10.3p1 /home/runner/spack/opt/spack/linux-zen4/openssh-10.3p1-xun2lfzxdmyznv6xutfl7oqifgz4a43g (2m12s)
[ ] 74w2ebq py-trove-classifiers@2026.6.1.19 install (11s)
[ ] rdja74w py-cppheaderparser@2.7.4 install (11s)
[+] 74w2ebq py-trove-classifiers@2026.6.1.19 /home/runner/spack/opt/spack/linux-zen4/py-trove-classifiers-2026.6.1.19-74w2ebqdmn4vwxyimkc6tyzqlzdbk2kb (12s)
[+] rdja74w py-cppheaderparser@2.7.4 /home/runner/spack/opt/spack/linux-zen4/py-cppheaderparser-2.7.4-rdja74wce2rblyudxwg5mnnj4dhlwgpt (12s)
[ ] eo5qpxb ninja@1.13.2 install (37s)
[+] eo5qpxb ninja@1.13.2 /home/runner/spack/opt/spack/linux-zen4/ninja-1.13.2-eo5qpxb6tbrw366kb4oc7yao7cjurkmq (37s)
[+] 6d5uini pmix@6.1.0 /home/runner/spack/opt/spack/linux-zen4/pmix-6.1.0-6d5uinipxlcihrpcmznq7j2dmeevirib (5m33s)
[+] wbicpf7 libxcb@1.17.0 /home/runner/spack/opt/spack/linux-zen4/libxcb-1.17.0-wbicpf76h7dvmgtgja24iycmdpufx5aw (2m16s)
[+] cndyuca py-joblib@1.5.3 /home/runner/spack/opt/spack/linux-zen4/py-joblib-1.5.3-cndyucat6ffqf3ogxvgndcjv6nt5m6gh (47s)
==> Updating view at /home/runner/rocm
/home/runner/spack/bin/spack -c config:install_status:false -e '/home/runner/environment' install   --only-concrete --only=package /4muvwphhvpw4yta2alpknvugcrwqwlri # git@2.53.0+man+nls+perl+subtree~tcltk build_system=autotools platform=linux os=rhel9 target=zen4
[+] hizwkl7 cmake@3.31.11 /home/runner/spack/opt/spack/linux-zen4/cmake-3.31.11-hizwkl76ppxdgbdqa3ioeendekiz7unr (11m26s)
==> Updating view at /home/runner/rocm
==> Updating view at /home/runner/rocm
/home/runner/spack/bin/spack -c config:install_status:false -e '/home/runner/environment' install   --only-concrete --only=package /4gskhyn3npcavaccxwdzyv5az3sdpcs6 # openmpi@4.1.6+atomics~cuda~cxx~cxx_exceptions~debug+fortran~gpfs~internal-hwloc~internal-libevent~internal-pmix~ipv6~java~lustre~memchecker~openshmem~orterunprefix~rocm+romio+rsh~static~two_level_namespace+vt+wrapper-rpath build_system=autotools fabrics:=none romio-filesystem:=none schedulers:=none platform=linux os=rhel9 target=zen4
[ ] 4gskhyn openmpi@4.1.6 staging (0s)
/home/runner/spack/bin/spack -c config:install_status:false -e '/home/runner/environment' install   --only-concrete --only=package /w6e3n5uailok354haduhydd3s5uitlk3 # libx11@1.8.13 build_system=autotools platform=linux os=rhel9 target=zen4
[ ] w6e3n5u libx11@1.8.13 staging (0s)
/home/runner/spack/bin/spack -c config:install_status:false -e '/home/runner/environment' install   --only-concrete --only=package /66xi4w263rzb6yvbwmd7jruusafw2w2x # meson@1.11.1 build_system=python_pip patches:=0f0b1bd platform=linux os=rhel9 target=zen4
[ ] 66xi4w2 meson@1.11.1 staging (0s)
[ ] 4muvwph git@2.53.0 staging (0s)
[ ] bpulvtq py-mako@1.3.10 staging (0s)
[ ] w6e3n5u libx11@1.8.13 autoreconf (1s)
[ ] w6e3n5u libx11@1.8.13 configure (1s)
[ ] bpulvtq py-mako@1.3.10 install (0s)
/home/runner/spack/bin/spack -c config:install_status:false -e '/home/runner/environment' install   --only-concrete --only=package /5sstqkcufcup7la46dcj3bqlihtnkt7s # z3@4.15.4~gmp~ipo~python build_system=cmake build_type=Release generator=make platform=linux os=rhel9 target=zen4
/home/runner/spack/bin/spack -c config:install_status:false -e '/home/runner/environment' install   --only-concrete --only=package /j6oi3d7id6xpj45clhohz52nlcahwk3r # rocm-core@7.2.1~asan~ipo build_system=cmake build_type=Release generator=make platform=linux os=rhel9 target=zen4
/home/runner/spack/bin/spack -c config:install_status:false -e '/home/runner/environment' install   --only-concrete --only=package /2xqlt72yax25lc3aksgmc2edp4qmgqns # hipcc@7.2.1~ipo build_system=cmake build_type=Release generator=make patches:=1b049ea platform=linux os=rhel9 target=zen4
/home/runner/spack/bin/spack -c config:install_status:false -e '/home/runner/environment' install   --only-concrete --only=package /f4teunrmzajyxln5liphqixhalycx4b2 # fmt@12.1.0~ipo+pic~shared build_system=cmake build_type=Release cxxstd=11 generator=make platform=linux os=rhel9 target=zen4
/home/runner/spack/bin/spack -c config:install_status:false -e '/home/runner/environment' install   --only-concrete --only=package /ackjig5x7epvl3lc3qmbc7p22xfg2hyd # gflags@2.2.2~ipo build_system=cmake build_type=Release generator=make platform=linux os=rhel9 target=zen4
/home/runner/spack/bin/spack -c config:install_status:false -e '/home/runner/environment' install   --only-concrete --only=package /qnxhuzcuvvtrlmpmsxjvwi53fxbrwmo3 # googletest@1.17.0~absl+gmock~ipo+pthreads+shared build_system=cmake build_type=Release cxxstd=17 generator=make platform=linux os=rhel9 target=zen4
/home/runner/spack/bin/spack -c config:install_status:false -e '/home/runner/environment' install   --only-concrete --only=package /wrhgbkdwckf5ljm7rp7agwzfu5jovuu2 # hipblas-common@7.2.1~ipo build_system=cmake build_type=Release generator=make platform=linux os=rhel9 target=zen4
/home/runner/spack/bin/spack -c config:install_status:false -e '/home/runner/environment' install   --only-concrete --only=package /i3wxpe5h47yo35agbqisrcggr552wbw7 # msgpack-c@3.1.1~ipo build_system=cmake build_type=Release generator=make platform=linux os=rhel9 target=zen4
/home/runner/spack/bin/spack -c config:install_status:false -e '/home/runner/environment' install   --only-concrete --only=package /lzu77usskcjavzlh6uupw72uf6k6qmrp # metis@5.1.0~gdb~int64~ipo~no_warning~real64+shared build_system=cmake build_type=Release generator=make patches:=4991da9,93a7903,b1225da platform=linux os=rhel9 target=zen4
/home/runner/spack/bin/spack -c config:install_status:false -e '/home/runner/environment' install   --only-concrete --only=package /fyuofjfytqyfdvq2qrywuygar3cdlkmv # snappy@1.2.1~ipo+pic+shared build_system=cmake build_type=Release generator=make platform=linux os=rhel9 target=zen4
/home/runner/spack/bin/spack -c config:install_status:false -e '/home/runner/environment' install   --only-concrete --only=package /qs4yvbyvtwbq3wbmsaogq3wbmfcdgebt # libaec@1.1.4~ipo+shared build_system=cmake build_type=Release generator=make platform=linux os=rhel9 target=zen4
/home/runner/spack/bin/spack -c config:install_status:false -e '/home/runner/environment' install   --only-concrete --only=package /n4n5doz3s732dwo5mmuvaxq3uj3haxqi # superlu@5.3.0+fortran~ipo+pic build_system=cmake build_type=Release generator=make platform=linux os=rhel9 target=zen4
/home/runner/spack/bin/spack -c config:install_status:false -e '/home/runner/environment' install   --only-concrete --only=package /oj34l5ab2ctamayz7lddi5zbgil37rmg # hiredis@1.1.0~ipo~ssl~test~test_async~test_ssl build_system=cmake build_type=Release generator=make platform=linux os=rhel9 target=zen4
/home/runner/spack/bin/spack -c config:install_status:false -e '/home/runner/environment' install   --only-concrete --only=package /sdlpqkuh2crqzns5mjz55gq4fkaqu5t4 # span-lite@0.11.0~ipo build_system=cmake build_type=Release generator=make platform=linux os=rhel9 target=zen4
[ ] 66xi4w2 meson@1.11.1 install (0s)
[ ] wrhgbkd hipblas-common@7.2.1 staging (0s)
[ ] f4teunr fmt@12.1.0 staging (0s)
[ ] 5sstqkc z3@4.15.4 staging (0s)
[ ] 5sstqkc z3@4.15.4 cmake (1s)
[ ] 4gskhyn openmpi@4.1.6 autoreconf (4s)
[ ] 4gskhyn openmpi@4.1.6 configure (4s)
[ ] qnxhuzc googletest@1.17.0 staging (0s)
[ ] lzu77us metis@5.1.0 staging (0s)
[ ] oj34l5a hiredis@1.1.0 staging (0s)
[ ] ackjig5 gflags@2.2.2 staging (0s)
[ ] i3wxpe5 msgpack-c@3.1.1 staging (0s)
[ ] sdlpqku span-lite@0.11.0 staging (0s)
[ ] n4n5doz superlu@5.3.0 staging (0s)
[ ] fyuofjf snappy@1.2.1 staging (0s)
[ ] j6oi3d7 rocm-core@7.2.1 staging (0s)
[ ] qs4yvby libaec@1.1.4 staging (1s)
[ ] 2xqlt72 hipcc@7.2.1 staging (1s)
[ ] j6oi3d7 rocm-core@7.2.1 cmake (2s)
[ ] j6oi3d7 rocm-core@7.2.1 build (2s)
[ ] j6oi3d7 rocm-core@7.2.1 install (2s)
[+] bpulvtq py-mako@1.3.10 /home/runner/spack/opt/spack/linux-zen4/py-mako-1.3.10-bpulvtqacsdk3wsaoaxiirnrbvtteydc (10s)
[ ] f4teunr fmt@12.1.0 cmake (11s)
[ ] f4teunr fmt@12.1.0 build (11s)
[ ] 4muvwph git@2.53.0 autoreconf (16s)
[ ] 4muvwph git@2.53.0 configure (16s)
[ ] f4teunr fmt@12.1.0 install (15s)
[ ] ackjig5 gflags@2.2.2 cmake (20s)
[ ] oj34l5a hiredis@1.1.0 cmake (20s)
[ ] w6e3n5u libx11@1.8.13 build (28s)
[ ] qnxhuzc googletest@1.17.0 cmake (20s)
[ ] qs4yvby libaec@1.1.4 cmake (20s)
[ ] sdlpqku span-lite@0.11.0 cmake (20s)
[ ] i3wxpe5 msgpack-c@3.1.1 cmake (20s)
[ ] fyuofjf snappy@1.2.1 cmake (20s)
[ ] n4n5doz superlu@5.3.0 cmake (20s)
[ ] oj34l5a hiredis@1.1.0 build (20s)
[ ] lzu77us metis@5.1.0 cmake (20s)
[ ] oj34l5a hiredis@1.1.0 install (23s)
[+] oj34l5a hiredis@1.1.0 /home/runner/spack/opt/spack/linux-zen4/hiredis-1.1.0-oj34l5ab2ctamayz7lddi5zbgil37rmg (23s)
[+] f4teunr fmt@12.1.0 /home/runner/spack/opt/spack/linux-zen4/fmt-12.1.0-f4teunrmzajyxln5liphqixhalycx4b2 (33s)
[ ] n4n5doz superlu@5.3.0 build (31s)
[ ] 2xqlt72 hipcc@7.2.1 cmake (41s)
[ ] sdlpqku span-lite@0.11.0 build (42s)
[ ] sdlpqku span-lite@0.11.0 install (42s)
[+] sdlpqku span-lite@0.11.0 /home/runner/spack/opt/spack/linux-zen4/span-lite-0.11.0-sdlpqkuh2crqzns5mjz55gq4fkaqu5t4 (43s)
[ ] wrhgbkd hipblas-common@7.2.1 cmake (52s)
[ ] augthrw go@1.26.4 install (4m30s)
[ ] 4muvwph git@2.53.0 build (1m03s)
[ ] ackjig5 gflags@2.2.2 build (58s)
[ ] i3wxpe5 msgpack-c@3.1.1 build (1m00s)
[ ] wrhgbkd hipblas-common@7.2.1 build (1m07s)
[ ] wrhgbkd hipblas-common@7.2.1 install (1m07s)
[ ] 5sstqkc z3@4.15.4 build (1m11s)
[ ] ackjig5 gflags@2.2.2 install (1m06s)
[ ] i3wxpe5 msgpack-c@3.1.1 install (1m07s)
[ ] qs4yvby libaec@1.1.4 build (1m10s)
[ ] qnxhuzc googletest@1.17.0 build (1m11s)
[ ] qs4yvby libaec@1.1.4 install (1m14s)
[+] qs4yvby libaec@1.1.4 /home/runner/spack/opt/spack/linux-zen4/libaec-1.1.4-qs4yvbyvtwbq3wbmsaogq3wbmfcdgebt (1m14s)
[ ] 2xqlt72 hipcc@7.2.1 build (1m15s)
[ ] fyuofjf snappy@1.2.1 build (1m19s)
[ ] fyuofjf snappy@1.2.1 install (1m21s)
[+] fyuofjf snappy@1.2.1 /home/runner/spack/opt/spack/linux-zen4/snappy-1.2.1-fyuofjfytqyfdvq2qrywuygar3cdlkmv (1m21s)
[ ] qnxhuzc googletest@1.17.0 install (1m23s)
[ ] 2xqlt72 hipcc@7.2.1 install (1m24s)
[ ] n4n5doz superlu@5.3.0 install (1m33s)
[+] ackjig5 gflags@2.2.2 /home/runner/spack/opt/spack/linux-zen4/gflags-2.2.2-ackjig5x7epvl3lc3qmbc7p22xfg2hyd (1m35s)
[ ] lzu77us metis@5.1.0 build (1m41s)
[+] qnxhuzc googletest@1.17.0 /home/runner/spack/opt/spack/linux-zen4/googletest-1.17.0-qnxhuzcuvvtrlmpmsxjvwi53fxbrwmo3 (1m41s)
[ ] lzu77us metis@5.1.0 install (1m51s)
[ ] 4muvwph git@2.53.0 install (2m26s)
[+] lzu77us metis@5.1.0 /home/runner/spack/opt/spack/linux-zen4/metis-5.1.0-lzu77usskcjavzlh6uupw72uf6k6qmrp (2m29s)
[+] n4n5doz superlu@5.3.0 /home/runner/spack/opt/spack/linux-zen4/superlu-5.3.0-n4n5doz3s732dwo5mmuvaxq3uj3haxqi (2m40s)
==> Updating view at /home/runner/rocm
[+] 6enjs3j py-cython@3.2.4 /home/runner/spack/opt/spack/linux-zen4/py-cython-3.2.4-6enjs3jrblgw6kmiq4lmt6odoek7brie (5m12s)
[+] 66xi4w2 meson@1.11.1 /home/runner/spack/opt/spack/linux-zen4/meson-1.11.1-66xi4w263rzb6yvbwmd7jruusafw2w2x (3m55s)
[+] i3wxpe5 msgpack-c@3.1.1 /home/runner/spack/opt/spack/linux-zen4/msgpack-c-3.1.1-i3wxpe5h47yo35agbqisrcggr552wbw7 (3m54s)
[+] j6oi3d7 rocm-core@7.2.1 /home/runner/spack/opt/spack/linux-zen4/rocm-core-7.2.1-j6oi3d7id6xpj45clhohz52nlcahwk3r (4m51s)
==> Updating view at /home/runner/rocm
[ ] w6e3n5u libx11@1.8.13 install (5m06s)
[+] 4muvwph git@2.53.0 /home/runner/spack/opt/spack/linux-zen4/git-2.53.0-4muvwphhvpw4yta2alpknvugcrwqwlri (5m10s)
==> Updating view at /home/runner/rocm
/home/runner/spack/bin/spack -c config:install_status:false -e '/home/runner/environment' install   --only-concrete --only=package /xyjuj4fi4fvgzqak5zlrtj5lmie2vx5c # rocm-cmake@7.2.1~ipo build_system=cmake build_type=Release generator=make platform=linux os=rhel9 target=zen4
[ ] xyjuj4f rocm-cmake@7.2.1 staging (0s)
[ ] xyjuj4f rocm-cmake@7.2.1 cmake (0s)
/home/runner/spack/bin/spack -c config:install_status:false -e '/home/runner/environment' install   --only-concrete --only=package /oyapkumdiwv7bdczhq6n32i6m6gwkx7i # c-blosc@1.21.6+avx2~ipo build_system=cmake build_type=Release generator=make platform=linux os=rhel9 target=zen4
/home/runner/spack/bin/spack -c config:install_status:false -e '/home/runner/environment' install   --only-concrete --only=package /s6j5ui5s7wkud2u43cz23od3au3zdet6 # ccache@4.12.1~ipo+redis build_system=cmake build_type=Release generator=make platform=linux os=rhel9 target=zen4
[ ] oyapkum c-blosc@1.21.6 staging (0s)
[ ] s6j5ui5 ccache@4.12.1 staging (0s)
[ ] oyapkum c-blosc@1.21.6 cmake (0s)
[ ] s6j5ui5 ccache@4.12.1 cmake (1s)
/home/runner/spack/bin/spack -c config:install_status:false -e '/home/runner/environment' install   --only-concrete --only=package /5xxhkob2yebrqof4iwpethtowhg5yx5n # libdrm@2.4.131~docs~strip build_system=meson buildtype=release default_library:=shared platform=linux os=rhel9 target=zen4
[ ] 5xxhkob libdrm@2.4.131 staging (0s)
[ ] 5xxhkob libdrm@2.4.131 meson (0s)
/home/runner/spack/bin/spack -c config:install_status:false -e '/home/runner/environment' install   --only-concrete --only=package /6aeri2zkbh6lfrb4smbcjcqb6yjf3oqc # glog@0.7.1~ipo build_system=cmake build_type=Release generator=make platform=linux os=rhel9 target=zen4
/home/runner/spack/bin/spack -c config:install_status:false -e '/home/runner/environment' install   --only-concrete --only=package /2jki6nwo44pyw7kuqbvf2gfwdpcuu4jo # py-pyyaml@6.0.3+libyaml build_system=python_pip platform=linux os=rhel9 target=zen4
/home/runner/spack/bin/spack -c config:install_status:false -e '/home/runner/environment' install   --only-concrete --only=package /m7w66tusdo2fgqo46s563xdihnm3vxs2 # py-msgpack@1.1.2 build_system=python_pip platform=linux os=rhel9 target=zen4
[ ] 6aeri2z glog@0.7.1 staging (0s)
/home/runner/spack/bin/spack -c config:install_status:false -e '/home/runner/environment' install   --only-concrete --only=package /36jjuspooowc7zyeiwczyfzat7un4jb4 # py-setuptools-scm@9.2.2+toml build_system=python_pip platform=linux os=rhel9 target=zen4
[ ] 6aeri2z glog@0.7.1 cmake (1s)
[ ] m7w66tu py-msgpack@1.1.2 staging (0s)
[ ] 2jki6nw py-pyyaml@6.0.3 staging (0s)
[ ] m7w66tu py-msgpack@1.1.2 install (0s)
[ ] 36jjusp py-setuptools-scm@9.2.2 staging (0s)
[ ] 2jki6nw py-pyyaml@6.0.3 install (0s)
[ ] 5xxhkob libdrm@2.4.131 build (2s)
[ ] 36jjusp py-setuptools-scm@9.2.2 install (0s)
[ ] xyjuj4f rocm-cmake@7.2.1 build (13s)
[ ] xyjuj4f rocm-cmake@7.2.1 install (13s)
[ ] oyapkum c-blosc@1.21.6 build (12s)
[ ] oyapkum c-blosc@1.21.6 install (18s)
[+] oyapkum c-blosc@1.21.6 /home/runner/spack/opt/spack/linux-zen4/c-blosc-1.21.6-oyapkumdiwv7bdczhq6n32i6m6gwkx7i (18s)
[+] w6e3n5u libx11@1.8.13 /home/runner/spack/opt/spack/linux-zen4/libx11-1.8.13-w6e3n5uailok354haduhydd3s5uitlk3 (7m25s)
[+] m7w66tu py-msgpack@1.1.2 /home/runner/spack/opt/spack/linux-zen4/py-msgpack-1.1.2-m7w66tusdo2fgqo46s563xdihnm3vxs2 (25s)
[+] 2jki6nw py-pyyaml@6.0.3 /home/runner/spack/opt/spack/linux-zen4/py-pyyaml-6.0.3-2jki6nwo44pyw7kuqbvf2gfwdpcuu4jo (47s)
[ ] 5xxhkob libdrm@2.4.131 install (49s)
[+] xyjuj4f rocm-cmake@7.2.1 /home/runner/spack/opt/spack/linux-zen4/rocm-cmake-7.2.1-xyjuj4fi4fvgzqak5zlrtj5lmie2vx5c (52s)
[+] 36jjusp py-setuptools-scm@9.2.2 /home/runner/spack/opt/spack/linux-zen4/py-setuptools-scm-9.2.2-36jjuspooowc7zyeiwczyfzat7un4jb4 (1m04s)
[+] 5xxhkob libdrm@2.4.131 /home/runner/spack/opt/spack/linux-zen4/libdrm-2.4.131-5xxhkob2yebrqof4iwpethtowhg5yx5n (1m10s)
[ ] 4gskhyn openmpi@4.1.6 build (8m15s)
[ ] 6aeri2z glog@0.7.1 build (1m54s)
[ ] s6j5ui5 ccache@4.12.1 build (2m00s)
[ ] 6aeri2z glog@0.7.1 install (2m06s)
[+] 6aeri2z glog@0.7.1 /home/runner/spack/opt/spack/linux-zen4/glog-0.7.1-6aeri2zkbh6lfrb4smbcjcqb6yjf3oqc (2m16s)
[ ] 5sstqkc z3@4.15.4 install (9m20s)
[ ] s6j5ui5 ccache@4.12.1 install (2m35s)
==> Updating view at /home/runner/rocm
[+] s6j5ui5 ccache@4.12.1 /home/runner/spack/opt/spack/linux-zen4/ccache-4.12.1-s6j5ui5s7wkud2u43cz23od3au3zdet6 (2m47s)
==> Updating view at /home/runner/rocm
[+] 5sstqkc z3@4.15.4 /home/runner/spack/opt/spack/linux-zen4/z3-4.15.4-5sstqkcufcup7la46dcj3bqlihtnkt7s (10m51s)
[+] wrhgbkd hipblas-common@7.2.1 /home/runner/spack/opt/spack/linux-zen4/hipblas-common-7.2.1-wrhgbkdwckf5ljm7rp7agwzfu5jovuu2 (11m55s)
==> Updating view at /home/runner/rocm
[ ] 4gskhyn openmpi@4.1.6 install (12m57s)
==> Updating view at /home/runner/rocm
/home/runner/spack/bin/spack -c config:install_status:false -e '/home/runner/environment' install   --only-concrete --only=package /nd6cu6cl3p2ghdezosdfxgnkgn465vf3 # libxext@1.3.7 build_system=autotools platform=linux os=rhel9 target=zen4
/home/runner/spack/bin/spack -c config:install_status:false -e '/home/runner/environment' install   --only-concrete --only=package /jvez4o55cqqihipijpqigfltzt2mj7xl # libxt@1.3.1 build_system=autotools platform=linux os=rhel9 target=zen4
/home/runner/spack/bin/spack -c config:install_status:false -e '/home/runner/environment' install   --only-concrete --only=package /c43tb5kqzvt5ubsvqmlbwj24vbm52q32 # libxrender@0.9.12 build_system=autotools platform=linux os=rhel9 target=zen4
/home/runner/spack/bin/spack -c config:install_status:false -e '/home/runner/environment' install   --only-concrete --only=package /iojimua6pkybzsi6umlvy6fju6sdsc63 # llvm-amdgpu@7.2.1~ipo~link_llvm_dylib~llvm_dylib+rocm-device-libs build_system=cmake build_type=Release generator=ninja patches:=74471ee platform=linux os=rhel9 target=zen4
/home/runner/spack/bin/spack -c config:install_status:false -e '/home/runner/environment' install   --only-concrete --only=package /yrkpwmorrltxuht4vua6sjcnumkegon3 # rocm-smi-lib@7.2.1~asan~ipo+shared build_system=cmake build_type=Release generator=make platform=linux os=rhel9 target=zen4
[ ] nd6cu6c libxext@1.3.7 staging (0s)
[ ] jvez4o5 libxt@1.3.1 staging (0s)
[ ] c43tb5k libxrender@0.9.12 staging (0s)
[ ] yrkpwmo rocm-smi-lib@7.2.1 staging (0s)
[ ] iojimua llvm-amdgpu@7.2.1 staging (0s)
/home/runner/spack/bin/spack -c config:install_status:false -e '/home/runner/environment' install   --only-concrete --only=package /kthkgsvueqvpszj5o2pa4w5zwtqyqfmu # rocprofiler-register@7.2.1~ipo build_system=cmake build_type=Release generator=make patches:=99764ee platform=linux os=rhel9 target=zen4
[ ] yrkpwmo rocm-smi-lib@7.2.1 cmake (2s)
/home/runner/spack/bin/spack -c config:install_status:false -e '/home/runner/environment' install   --only-concrete --only=package /3uatzqh34uyp5yy6ondhzuuhizbiu5bd # py-pluggy@1.6.0 build_system=python_pip platform=linux os=rhel9 target=zen4
[ ] kthkgsv rocprofiler-register@7.2.1 staging (0s)
[ ] yrkpwmo rocm-smi-lib@7.2.1 build (2s)
[ ] 3uatzqh py-pluggy@1.6.0 staging (0s)
[ ] kthkgsv rocprofiler-register@7.2.1 cmake (2s)
[ ] 3uatzqh py-pluggy@1.6.0 install (6s)
[ ] c43tb5k libxrender@0.9.12 autoreconf (9s)
[ ] c43tb5k libxrender@0.9.12 configure (9s)
[ ] nd6cu6c libxext@1.3.7 autoreconf (9s)
[ ] nd6cu6c libxext@1.3.7 configure (9s)
[ ] jvez4o5 libxt@1.3.1 autoreconf (9s)
[ ] jvez4o5 libxt@1.3.1 configure (9s)
[+] 3uatzqh py-pluggy@1.6.0 /home/runner/spack/opt/spack/linux-zen4/py-pluggy-1.6.0-3uatzqh34uyp5yy6ondhzuuhizbiu5bd (7s)
/home/runner/spack/bin/spack -c config:install_status:false -e '/home/runner/environment' install   --only-concrete --only=package /7new3cpdqk3kpqe5xscfprke5s6l3z4m # py-hatchling@1.29.0 build_system=python_pip platform=linux os=rhel9 target=zen4
[ ] 7new3cp py-hatchling@1.29.0 staging (0s)
[ ] 7new3cp py-hatchling@1.29.0 install (5s)
[+] 7new3cp py-hatchling@1.29.0 /home/runner/spack/opt/spack/linux-zen4/py-hatchling-1.29.0-7new3cpdqk3kpqe5xscfprke5s6l3z4m (6s)
/home/runner/spack/bin/spack -c config:install_status:false -e '/home/runner/environment' install   --only-concrete --only=package /ai5rw2twlychgr7jxcewgmwtp55n3d4l # py-hatch-vcs@0.5.0 build_system=python_pip platform=linux os=rhel9 target=zen4
[ ] yrkpwmo rocm-smi-lib@7.2.1 install (28s)
[ ] nd6cu6c libxext@1.3.7 build (40s)
[ ] nd6cu6c libxext@1.3.7 install (41s)
[+] nd6cu6c libxext@1.3.7 /home/runner/spack/opt/spack/linux-zen4/libxext-1.3.7-nd6cu6cl3p2ghdezosdfxgnkgn465vf3 (41s)
[ ] c43tb5k libxrender@0.9.12 build (45s)
[ ] c43tb5k libxrender@0.9.12 install (46s)
[+] c43tb5k libxrender@0.9.12 /home/runner/spack/opt/spack/linux-zen4/libxrender-0.9.12-c43tb5kqzvt5ubsvqmlbwj24vbm52q32 (46s)
[ ] kthkgsv rocprofiler-register@7.2.1 build (46s)
[ ] ai5rw2t py-hatch-vcs@0.5.0 staging (0s)
[ ] ai5rw2t py-hatch-vcs@0.5.0 install (0s)
[ ] kthkgsv rocprofiler-register@7.2.1 install (51s)
[+] ai5rw2t py-hatch-vcs@0.5.0 /home/runner/spack/opt/spack/linux-zen4/py-hatch-vcs-0.5.0-ai5rw2twlychgr7jxcewgmwtp55n3d4l (11s)
[ ] jvez4o5 libxt@1.3.1 build (1m05s)
[ ] jvez4o5 libxt@1.3.1 install (1m08s)
[+] jvez4o5 libxt@1.3.1 /home/runner/spack/opt/spack/linux-zen4/libxt-1.3.1-jvez4o55cqqihipijpqigfltzt2mj7xl (1m38s)
==> Updating view at /home/runner/rocm
[+] augthrw go@1.26.4 /home/runner/spack/opt/spack/linux-zen4/go-1.26.4-augthrwmuvnamvdjkcegau4xpxmyemab (20m35s)
[+] yrkpwmo rocm-smi-lib@7.2.1 /home/runner/spack/opt/spack/linux-zen4/rocm-smi-lib-7.2.1-yrkpwmorrltxuht4vua6sjcnumkegon3 (3m46s)
[+] 4gskhyn openmpi@4.1.6 /home/runner/spack/opt/spack/linux-zen4/openmpi-4.1.6-4gskhyn3npcavaccxwdzyv5az3sdpcs6 (17m42s)
[+] kthkgsv rocprofiler-register@7.2.1 /home/runner/spack/opt/spack/linux-zen4/rocprofiler-register-7.2.1-kthkgsvueqvpszj5o2pa4w5zwtqyqfmu (4m01s)
==> Updating view at /home/runner/rocm
/home/runner/spack/bin/spack -c config:install_status:false -e '/home/runner/environment' install   --only-concrete --only=package /arcgwuf4nqaehr7q44yrhfgad77fezxu # libxrandr@1.5.5 build_system=autotools platform=linux os=rhel9 target=zen4
==> Updating view at /home/runner/rocm
/home/runner/spack/bin/spack -c config:install_status:false -e '/home/runner/environment' install   --only-concrete --only=package /zq3truy7vv64bvzydm5ybwz7xj3planr # py-filelock@3.29.1 build_system=python_pip platform=linux os=rhel9 target=zen4
/home/runner/spack/bin/spack -c config:install_status:false -e '/home/runner/environment' install   --only-concrete --only=package /h5sd5gzpn4nqkd46nqkzd5m7k62xsio5 # py-platformdirs@4.10.0~wheel build_system=python_pip platform=linux os=rhel9 target=zen4
[ ] arcgwuf libxrandr@1.5.5 staging (0s)
[ ] arcgwuf libxrandr@1.5.5 autoreconf (5s)
[ ] arcgwuf libxrandr@1.5.5 configure (5s)
[ ] arcgwuf libxrandr@1.5.5 build (9s)
[ ] arcgwuf libxrandr@1.5.5 install (10s)
[+] arcgwuf libxrandr@1.5.5 /home/runner/spack/opt/spack/linux-zen4/libxrandr-1.5.5-arcgwuf4nqaehr7q44yrhfgad77fezxu (10s)
[ ] h5sd5gz py-platformdirs@4.10.0 staging (0s)
[ ] h5sd5gz py-platformdirs@4.10.0 install (0s)
[ ] zq3truy py-filelock@3.29.1 staging (0s)
[ ] zq3truy py-filelock@3.29.1 install (0s)
[ ] iojimua llvm-amdgpu@7.2.1 cmake (5m21s)
[+] h5sd5gz py-platformdirs@4.10.0 /home/runner/spack/opt/spack/linux-zen4/py-platformdirs-4.10.0-h5sd5gzpn4nqkd46nqkzd5m7k62xsio5 (11s)
[+] zq3truy py-filelock@3.29.1 /home/runner/spack/opt/spack/linux-zen4/py-filelock-3.29.1-zq3truy7vv64bvzydm5ybwz7xj3planr (13s)
==> Updating view at /home/runner/rocm
/home/runner/spack/bin/spack -c config:install_status:false -e '/home/runner/environment' install   --only-concrete --only=package /asmguhzmmlrff3pnvsypsvige7o43dkh # xrandr@1.5.3 build_system=autotools platform=linux os=rhel9 target=zen4
[ ] asmguhz xrandr@1.5.3 staging (0s)
/home/runner/spack/bin/spack -c config:install_status:false -e '/home/runner/environment' install   --only-concrete --only=package /mf2zq4qyq4mq4gudysp3774fi62yu7pl # hdf5@1.14.6~cxx~fortran+hl~ipo~java~map+mpi+shared~subfiling~szip~threadsafe+tools api=default build_system=cmake build_type=Release generator=make platform=linux os=rhel9 target=zen4
/home/runner/spack/bin/spack -c config:install_status:false -e '/home/runner/environment' install   --only-concrete --only=package /rhp3jlbhd7i2ynrxzghlujvrgkfrzr3k # parallel-netcdf@1.14.1~burstbuffer+cxx~examples+fortran+pic+shared build_system=autotools platform=linux os=rhel9 target=zen4
/home/runner/spack/bin/spack -c config:install_status:false -e '/home/runner/environment' install   --only-concrete --only=package /s3rty2tmnfqzaxsh3t7qo3u4zjcxmm5e # parmetis@4.0.3~gdb~int64~ipo+shared build_system=cmake build_type=Release generator=make patches:=4f89253,50ed208,704b84f platform=linux os=rhel9 target=zen4
/home/runner/spack/bin/spack -c config:install_status:false -e '/home/runner/environment' install   --only-concrete --only=package /2fhgu3g2cgqfx3f36sdvss43ec4tbwze # valgrind@3.27.1+boost+mpi+only64bit~ubsan build_system=autotools libs:=shared,static platform=linux os=rhel9 target=zen4
[ ] asmguhz xrandr@1.5.3 autoreconf (0s)
[ ] asmguhz xrandr@1.5.3 configure (0s)
/home/runner/spack/bin/spack -c config:install_status:false -e '/home/runner/environment' install   --only-concrete --only=package /b64vcwu4usyitrjjczedupnrlucwdfkt # py-python-discovery@1.4.0 build_system=python_pip platform=linux os=rhel9 target=zen4
[ ] mf2zq4q hdf5@1.14.6 staging (0s)
[ ] s3rty2t parmetis@4.0.3 staging (0s)
[ ] 2fhgu3g valgrind@3.27.1 staging (0s)
[ ] rhp3jlb parallel-netcdf@1.14.1 staging (0s)
[ ] b64vcwu py-python-discovery@1.4.0 staging (0s)
[ ] b64vcwu py-python-discovery@1.4.0 install (1s)
[ ] s3rty2t parmetis@4.0.3 cmake (1s)
[ ] rhp3jlb parallel-netcdf@1.14.1 autoreconf (1s)
[ ] rhp3jlb parallel-netcdf@1.14.1 configure (1s)
/home/runner/spack/bin/spack -c config:install_status:false -e '/home/runner/environment' install   --only-concrete --only=package /pw5ygkl6zw3bt6yrz5zyctiaxptm4qkp # gh@2.93.0 build_system=go platform=linux os=rhel9 target=zen4
[ ] mf2zq4q hdf5@1.14.6 cmake (2s)
[ ] s3rty2t parmetis@4.0.3 build (4s)
[ ] s3rty2t parmetis@4.0.3 install (6s)
[+] s3rty2t parmetis@4.0.3 /home/runner/spack/opt/spack/linux-zen4/parmetis-4.0.3-s3rty2tmnfqzaxsh3t7qo3u4zjcxmm5e (6s)
[+] b64vcwu py-python-discovery@1.4.0 /home/runner/spack/opt/spack/linux-zen4/py-python-discovery-1.4.0-b64vcwu4usyitrjjczedupnrlucwdfkt (10s)
[ ] pw5ygkl gh@2.93.0 staging (0s)
[ ] 2fhgu3g valgrind@3.27.1 autoreconf (15s)
[ ] 2fhgu3g valgrind@3.27.1 configure (15s)
[ ] pw5ygkl gh@2.93.0 build (2s)
[ ] asmguhz xrandr@1.5.3 build (22s)
[ ] asmguhz xrandr@1.5.3 install (23s)
[+] asmguhz xrandr@1.5.3 /home/runner/spack/opt/spack/linux-zen4/xrandr-1.5.3-asmguhzmmlrff3pnvsypsvige7o43dkh (23s)
[ ] rhp3jlb parallel-netcdf@1.14.1 build (2m01s)
[ ] 2fhgu3g valgrind@3.27.1 build (2m14s)
==> Updating view at /home/runner/rocm
/home/runner/spack/bin/spack -c config:install_status:false -e '/home/runner/environment' install   --only-concrete --only=package /pvumehep2untg25wjmpzglcfia2j2zaz # superlu-dist@5.4.0~cuda~int64~ipo~openmp+parmetis~rocm+shared build_system=cmake build_type=Release generator=make platform=linux os=rhel9 target=zen4
[ ] rhp3jlb parallel-netcdf@1.14.1 install (2m48s)
[ ] pw5ygkl gh@2.93.0 install (2m56s)
[+] rhp3jlb parallel-netcdf@1.14.1 /home/runner/spack/opt/spack/linux-zen4/parallel-netcdf-1.14.1-rhp3jlbhd7i2ynrxzghlujvrgkfrzr3k (3m12s)
[ ] 2fhgu3g valgrind@3.27.1 install (3m40s)
[ ] mf2zq4q hdf5@1.14.6 build (4m22s)
==> Updating view at /home/runner/rocm
[ ] mf2zq4q hdf5@1.14.6 install (4m58s)
[+] 2fhgu3g valgrind@3.27.1 /home/runner/spack/opt/spack/linux-zen4/valgrind-3.27.1-2fhgu3g2cgqfx3f36sdvss43ec4tbwze (5m40s)
==> Updating view at /home/runner/rocm
/home/runner/spack/bin/spack -c config:install_status:false -e '/home/runner/environment' install   --only-concrete --only=package /ln4lyhhbkragsftlxif7sle63jjiawt5 # py-virtualenv@21.4.1 build_system=python_pip platform=linux os=rhel9 target=zen4
[ ] ln4lyhh py-virtualenv@21.4.1 staging (1s)
[ ] pvumehe superlu-dist@5.4.0 staging (0s)
[ ] pvumehe superlu-dist@5.4.0 cmake (2s)
[ ] ln4lyhh py-virtualenv@21.4.1 install (3s)
[+] mf2zq4q hdf5@1.14.6 /home/runner/spack/opt/spack/linux-zen4/hdf5-1.14.6-mf2zq4qyq4mq4gudysp3774fi62yu7pl (6m20s)
[+] ln4lyhh py-virtualenv@21.4.1 /home/runner/spack/opt/spack/linux-zen4/py-virtualenv-21.4.1-ln4lyhhbkragsftlxif7sle63jjiawt5 (14s)
[ ] pvumehe superlu-dist@5.4.0 build (23s)
[ ] pvumehe superlu-dist@5.4.0 install (26s)
[ ] iojimua llvm-amdgpu@7.2.1 build (12m50s)
[+] pvumehe superlu-dist@5.4.0 /home/runner/spack/opt/spack/linux-zen4/superlu-dist-5.4.0-pvumehep2untg25wjmpzglcfia2j2zaz (51s)
[+] pw5ygkl gh@2.93.0 /home/runner/spack/opt/spack/linux-zen4/gh-2.93.0-pw5ygkl6zw3bt6yrz5zyctiaxptm4qkp (7m17s)
==> Updating view at /home/runner/rocm
==> Updating view at /home/runner/rocm
/home/runner/spack/bin/spack -c config:install_status:false -e '/home/runner/environment' install   --only-concrete --only=package /x5olqznjophlq3eb74j5g75nuak4tgtn # netcdf-c@4.10.0+blosc~byterange~dap~fsync~hdf4~jna~logging+mpi~nczarr_zip+optimize+parallel-netcdf+pic+shared+szip+zstd build_system=autotools platform=linux os=rhel9 target=zen4
/home/runner/spack/bin/spack -c config:install_status:false -e '/home/runner/environment' install   --only-concrete --only=package /jknxxebs7fgxng2fb4y4wnxtg7uqzphg # matio@1.5.26+hdf5+shared+zlib build_system=autotools platform=linux os=rhel9 target=zen4
[ ] jknxxeb matio@1.5.26 staging (0s)
[ ] x5olqzn netcdf-c@4.10.0 staging (0s)
[ ] jknxxeb matio@1.5.26 autoreconf (1s)
[ ] jknxxeb matio@1.5.26 configure (1s)
[ ] x5olqzn netcdf-c@4.10.0 autoreconf (2s)
[ ] x5olqzn netcdf-c@4.10.0 configure (2s)
[ ] jknxxeb matio@1.5.26 build (20s)
[ ] jknxxeb matio@1.5.26 install (1m03s)
[+] jknxxeb matio@1.5.26 /home/runner/spack/opt/spack/linux-zen4/matio-1.5.26-jknxxebs7fgxng2fb4y4wnxtg7uqzphg (1m14s)
[ ] x5olqzn netcdf-c@4.10.0 build (1m15s)
[ ] x5olqzn netcdf-c@4.10.0 install (3m00s)
[+] x5olqzn netcdf-c@4.10.0 /home/runner/spack/opt/spack/linux-zen4/netcdf-c-4.10.0-x5olqznjophlq3eb74j5g75nuak4tgtn (4m54s)
==> Updating view at /home/runner/rocm
==> Updating view at /home/runner/rocm
[+] 2xqlt72 hipcc@7.2.1 /home/runner/spack/opt/spack/linux-zen4/hipcc-7.2.1-2xqlt72yax25lc3aksgmc2edp4qmgqns (41m15s)
==> Updating view at /home/runner/rocm
[ ] iojimua llvm-amdgpu@7.2.1 install (30m35s)
[+] iojimua llvm-amdgpu@7.2.1 /home/runner/spack/opt/spack/linux-zen4/llvm-amdgpu-7.2.1-iojimua6pkybzsi6umlvy6fju6sdsc63 (51m37s)
==> Updating view at /home/runner/rocm
/home/runner/spack/bin/spack -c config:install_status:false -e '/home/runner/environment' install   --only-concrete --only=package /vtihxs3wmic636p6ovgc7gvf5k2jdukc # comgr@7.2.1~asan~ipo build_system=cmake build_type=Release generator=make platform=linux os=rhel9 target=zen4
/home/runner/spack/bin/spack -c config:install_status:false -e '/home/runner/environment' install   --only-concrete --only=package /ksn5hxdd7uzy2ea2r43q3hkklvxxca5j # mesa@25.0.5~egl+glx+llvm+opengl~opengles+osmesa~strip build_system=meson buildtype=release default_library:=shared platform=linux os=rhel9 target=zen4
/home/runner/spack/bin/spack -c config:install_status:false -e '/home/runner/environment' install   --only-concrete --only=package /lidiwnjxth6wlfrnp3smpn4pobl57qfv # hipify-clang@7.2.1~asan~ipo build_system=cmake build_type=Release generator=make platform=linux os=rhel9 target=zen4
/home/runner/spack/bin/spack -c config:install_status:false -e '/home/runner/environment' install   --only-concrete --only=package /ne27g2vzffhcbq2ibkqgm4ulzzks36eb # hsa-rocr-dev@7.2.1~asan+image~ipo+shared build_system=cmake build_type=Release generator=make platform=linux os=rhel9 target=zen4
[ ] lidiwnj hipify-clang@7.2.1 staging (0s)
[ ] ne27g2v hsa-rocr-dev@7.2.1 staging (13s)
[ ] ksn5hxd mesa@25.0.5 staging (13s)
[ ] vtihxs3 comgr@7.2.1 staging (13s)
[ ] ne27g2v hsa-rocr-dev@7.2.1 cmake (15s)
[ ] lidiwnj hipify-clang@7.2.1 cmake (16s)
[ ] ne27g2v hsa-rocr-dev@7.2.1 build (16s)
[ ] lidiwnj hipify-clang@7.2.1 build (28s)
[ ] vtihxs3 comgr@7.2.1 cmake (29s)
[ ] ksn5hxd mesa@25.0.5 meson (35s)
[ ] lidiwnj hipify-clang@7.2.1 install (46s)
[ ] ne27g2v hsa-rocr-dev@7.2.1 install (58s)
[+] lidiwnj hipify-clang@7.2.1 /home/runner/spack/opt/spack/linux-zen4/hipify-clang-7.2.1-lidiwnjxth6wlfrnp3smpn4pobl57qfv (59s)
[ ] vtihxs3 comgr@7.2.1 build (1m07s)
[ ] ksn5hxd mesa@25.0.5 build (1m38s)
[ ] vtihxs3 comgr@7.2.1 install (1m43s)
[ ] ksn5hxd mesa@25.0.5 install (2m53s)
==> Updating view at /home/runner/rocm
[+] ne27g2v hsa-rocr-dev@7.2.1 /home/runner/spack/opt/spack/linux-zen4/hsa-rocr-dev-7.2.1-ne27g2vzffhcbq2ibkqgm4ulzzks36eb (5m38s)
[+] ksn5hxd mesa@25.0.5 /home/runner/spack/opt/spack/linux-zen4/mesa-25.0.5-ksn5hxdd7uzy2ea2r43q3hkklvxxca5j (6m19s)
==> Updating view at /home/runner/rocm
/home/runner/spack/bin/spack -c config:install_status:false -e '/home/runner/environment' install   --only-concrete --only=package /xroppy6cc53vbaggoyjoifaxxd6rbup2 # rocminfo@7.2.1~ipo build_system=cmake build_type=Release generator=make platform=linux os=rhel9 target=zen4
==> Updating view at /home/runner/rocm
/home/runner/spack/bin/spack -c config:install_status:false -e '/home/runner/environment' install   --only-concrete --only=package /y5pl6jsad45ppmbtgoe4ml2ei5kj2t77 # glx@1.4 build_system=bundle platform=linux os=rhel9 target=zen4
[ ] y5pl6js glx@1.4 staging (0s)
[ ] y5pl6js glx@1.4 install (0s)
[ ] xroppy6 rocminfo@7.2.1 staging (0s)
[+] y5pl6js glx@1.4 /home/runner/spack/opt/spack/linux-zen4/glx-1.4-y5pl6jsad45ppmbtgoe4ml2ei5kj2t77 (1s)
[ ] xroppy6 rocminfo@7.2.1 cmake (2s)
[ ] xroppy6 rocminfo@7.2.1 build (2s)
[ ] xroppy6 rocminfo@7.2.1 install (3s)
==> Updating view at /home/runner/rocm
[+] xroppy6 rocminfo@7.2.1 /home/runner/spack/opt/spack/linux-zen4/rocminfo-7.2.1-xroppy6cc53vbaggoyjoifaxxd6rbup2 (2m05s)
==> Updating view at /home/runner/rocm
[+] vtihxs3 comgr@7.2.1 /home/runner/spack/opt/spack/linux-zen4/comgr-7.2.1-vtihxs3wmic636p6ovgc7gvf5k2jdukc (32m00s)
==> Updating view at /home/runner/rocm
/home/runner/spack/bin/spack -c config:install_status:false -e '/home/runner/environment' install   --only-concrete --only=package /rhfra5b7fhpyana6p4ktfrkn6pysds4i # hip@7.2.1~asan~cuda~ipo+rocm build_system=cmake build_type=Release generator=make platform=linux os=rhel9 target=zen4
[ ] rhfra5b hip@7.2.1 staging (0s)
[ ] rhfra5b hip@7.2.1 cmake (5m03s)
[ ] rhfra5b hip@7.2.1 build (5m12s)
[ ] rhfra5b hip@7.2.1 install (5m46s)
[+] rhfra5b hip@7.2.1 /home/runner/spack/opt/spack/linux-zen4/hip-7.2.1-rhfra5b7fhpyana6p4ktfrkn6pysds4i (10m31s)
==> Updating view at /home/runner/rocm
/home/runner/spack/bin/spack -c config:install_status:false -e '/home/runner/environment' install   --only-concrete --only=package /lpotsmrx4ga53ire3bvob5wjw6dl6jcp # roctracer-dev@7.2.1~asan~ipo~rocm build_system=cmake build_type=Release generator=make platform=linux os=rhel9 target=zen4
/home/runner/spack/bin/spack -c config:install_status:false -e '/home/runner/environment' install   --only-concrete --only=package /tr33xwzjmvc7olyplh3moqbhp6pdjfdt # rocprim@7.2.1~asan~ipo amdgpu_target:=gfx942 build_system=cmake build_type=Release generator=make platform=linux os=rhel9 target=zen4
/home/runner/spack/bin/spack -c config:install_status:false -e '/home/runner/environment' install   --only-concrete --only=package /ei7dqvxidthhv6v57dxvkkwklhzcnwkc # rocrand@7.2.1~asan~ipo amdgpu_target:=gfx942 build_system=cmake build_type=Release generator=make platform=linux os=rhel9 target=zen4
[ ] tr33xwz rocprim@7.2.1 staging (0s)
[ ] lpotsmr roctracer-dev@7.2.1 staging (0s)
[ ] ei7dqvx rocrand@7.2.1 staging (0s)
[ ] lpotsmr roctracer-dev@7.2.1 cmake (2s)
[ ] lpotsmr roctracer-dev@7.2.1 build (18s)
[ ] tr33xwz rocprim@7.2.1 cmake (19s)
[ ] tr33xwz rocprim@7.2.1 build (36s)
[ ] tr33xwz rocprim@7.2.1 install (36s)
[ ] ei7dqvx rocrand@7.2.1 cmake (38s)
[ ] lpotsmr roctracer-dev@7.2.1 install (1m13s)
[ ] ei7dqvx rocrand@7.2.1 build (1m20s)
[ ] ei7dqvx rocrand@7.2.1 install (5m04s)
[+] lpotsmr roctracer-dev@7.2.1 /home/runner/spack/opt/spack/linux-zen4/roctracer-dev-7.2.1-lpotsmrx4ga53ire3bvob5wjw6dl6jcp (6m14s)
==> Updating view at /home/runner/rocm
/home/runner/spack/bin/spack -c config:install_status:false -e '/home/runner/environment' install   --only-concrete --only=package /cfnm6qchmwplkvs25fm6jjqqctkwrr5h # hipblaslt@7.2.1~asan~ipo amdgpu_target:=auto build_system=cmake build_type=Release generator=make patches:=0364327,503555b platform=linux os=rhel9 target=zen4
[ ] cfnm6qc hipblaslt@7.2.1 staging (1s)
[ ] cfnm6qc hipblaslt@7.2.1 cmake (23s)
[+] tr33xwz rocprim@7.2.1 /home/runner/spack/opt/spack/linux-zen4/rocprim-7.2.1-tr33xwzjmvc7olyplh3moqbhp6pdjfdt (11m12s)
[ ] cfnm6qc hipblaslt@7.2.1 build (2m07s)
==> Updating view at /home/runner/rocm
/home/runner/spack/bin/spack -c config:install_status:false -e '/home/runner/environment' install   --only-concrete --only=package /hz6emtkerav7kgwzg4qwh2bh7xjhhg66 # rocthrust@7.2.1~ipo amdgpu_target:=gfx942 build_system=cmake build_type=Release generator=make platform=linux os=rhel9 target=zen4
[ ] hz6emtk rocthrust@7.2.1 staging (1s)
[+] ei7dqvx rocrand@7.2.1 /home/runner/spack/opt/spack/linux-zen4/rocrand-7.2.1-ei7dqvxidthhv6v57dxvkkwklhzcnwkc (14m02s)
[ ] hz6emtk rocthrust@7.2.1 cmake (20s)
[ ] hz6emtk rocthrust@7.2.1 build (26s)
[ ] hz6emtk rocthrust@7.2.1 install (26s)
==> Updating view at /home/runner/rocm
[x] cfnm6qc hipblaslt@7.2.1 failed: /tmp/runner/spack-stage/spack-stage-hipblaslt-7.2.1-cfnm6qchmwplkvs25fm6jjqqctkwrr5h-vt5ji02w.log (5m32s)
-- lines 95 to 107 --
  *------------------------------- ROCMChecks WARNING --------------------------*
    Options and properties should be set on a cmake target where possible. The
    variable 'CMAKE_SHARED_LINKER_FLAGS' may be set by the cmake toolchain, either by
    calling 'cmake -DCMAKE_SHARED_LINKER_FLAGS="-Wl,--exclude-libs,ALL"'
    or set in a toolchain file and added with
    'cmake -DCMAKE_TOOLCHAIN_FILE=<toolchain-file>'. ROCMChecks now calling:
> CMake Warning at /tmp/runner/spack-stage/spack-stage-hipblaslt-7.2.1-cfnm6qchmwplkvs25fm6jjqqctkwrr5h/spack-build-cfnm6qc/extern/rocm-cmake/share/rocmcmakebuildtools/cmake/ROCMChecks.cmake:46 (message):
    'CMAKE_SHARED_LINKER_FLAGS' is set at
    /tmp/runner/spack-stage/spack-stage-hipblaslt-7.2.1-cfnm6qchmwplkvs25fm6jjqqctkwrr5h/spack-src/projects/hipblaslt/CMakeLists.txt:<line#>
    shown below:
  Call Stack (most recent call first):
    CMakeLists.txt:9223372036854775807 (rocm_check_toolchain_var)
    CMakeLists.txt:200 (set)
-- lines 117 to 129 --
  *------------------------------- ROCMChecks WARNING --------------------------*
    Options and properties should be set on a cmake target where possible. The
    variable 'CMAKE_C_FLAGS' may be set by the cmake toolchain, either by
    calling 'cmake -DCMAKE_C_FLAGS=""'
    or set in a toolchain file and added with
    'cmake -DCMAKE_TOOLCHAIN_FILE=<toolchain-file>'. ROCMChecks now calling:
> CMake Warning at /tmp/runner/spack-stage/spack-stage-hipblaslt-7.2.1-cfnm6qchmwplkvs25fm6jjqqctkwrr5h/spack-build-cfnm6qc/extern/rocm-cmake/share/rocmcmakebuildtools/cmake/ROCMChecks.cmake:46 (message):
    'CMAKE_C_FLAGS' is set at
    /tmp/runner/spack-stage/spack-stage-hipblaslt-7.2.1-cfnm6qchmwplkvs25fm6jjqqctkwrr5h/spack-build-cfnm6qc/_deps/spdlog-src/CMakeLists.txt:<line#>
    shown below:
  Call Stack (most recent call first):
    /home/runner/spack/opt/spack/linux-zen4/cmake-3.31.11-hizwkl76ppxdgbdqa3ioeendekiz7unr/share/cmake-3.31/Modules/CheckSymbolExists.cmake:9223372036854775807 (rocm_check_toolchain_var)
    /home/runner/spack/opt/spack/linux-zen4/cmake-3.31.11-hizwkl76ppxdgbdqa3ioeendekiz7unr/share/cmake-3.31/Modules/CheckSymbolExists.cmake:87 (string)
-- lines 139 to 151 --
  *------------------------------- ROCMChecks WARNING --------------------------*
    Options and properties should be set on a cmake target where possible. The
    variable 'CMAKE_C_FLAGS' may be set by the cmake toolchain, either by
    calling 'cmake -DCMAKE_C_FLAGS=""'
    or set in a toolchain file and added with
    'cmake -DCMAKE_TOOLCHAIN_FILE=<toolchain-file>'. ROCMChecks now calling:
> CMake Warning at /tmp/runner/spack-stage/spack-stage-hipblaslt-7.2.1-cfnm6qchmwplkvs25fm6jjqqctkwrr5h/spack-build-cfnm6qc/extern/rocm-cmake/share/rocmcmakebuildtools/cmake/ROCMChecks.cmake:46 (message):
    'CMAKE_C_FLAGS' is set at
    /tmp/runner/spack-stage/spack-stage-hipblaslt-7.2.1-cfnm6qchmwplkvs25fm6jjqqctkwrr5h/spack-build-cfnm6qc/_deps/spdlog-src/CMakeLists.txt:<line#>
    shown below:
  Call Stack (most recent call first):
    /home/runner/spack/opt/spack/linux-zen4/cmake-3.31.11-hizwkl76ppxdgbdqa3ioeendekiz7unr/share/cmake-3.31/Modules/CheckSymbolExists.cmake:9223372036854775807 (rocm_check_toolchain_var)
    /home/runner/spack/opt/spack/linux-zen4/cmake-3.31.11-hizwkl76ppxdgbdqa3ioeendekiz7unr/share/cmake-3.31/Modules/CheckSymbolExists.cmake:88 (string)
-- lines 163 to 175 --
  *------------------------------- ROCMChecks WARNING --------------------------*
    Options and properties should be set on a cmake target where possible. The
    variable 'CMAKE_C_FLAGS' may be set by the cmake toolchain, either by
    calling 'cmake -DCMAKE_C_FLAGS=""'
    or set in a toolchain file and added with
    'cmake -DCMAKE_TOOLCHAIN_FILE=<toolchain-file>'. ROCMChecks now calling:
> CMake Warning at /tmp/runner/spack-stage/spack-stage-hipblaslt-7.2.1-cfnm6qchmwplkvs25fm6jjqqctkwrr5h/spack-build-cfnm6qc/extern/rocm-cmake/share/rocmcmakebuildtools/cmake/ROCMChecks.cmake:46 (message):
    'CMAKE_C_FLAGS' is set at
    /tmp/runner/spack-stage/spack-stage-hipblaslt-7.2.1-cfnm6qchmwplkvs25fm6jjqqctkwrr5h/spack-build-cfnm6qc/_deps/spdlog-src/CMakeLists.txt:<line#>
    shown below:
  Call Stack (most recent call first):
    /home/runner/spack/opt/spack/linux-zen4/cmake-3.31.11-hizwkl76ppxdgbdqa3ioeendekiz7unr/share/cmake-3.31/Modules/CheckSymbolExists.cmake:9223372036854775807 (rocm_check_toolchain_var)
    /home/runner/spack/opt/spack/linux-zen4/cmake-3.31.11-hizwkl76ppxdgbdqa3ioeendekiz7unr/share/cmake-3.31/Modules/CheckSymbolExists.cmake:99 (set)
-- lines 204 to 248 --
  
    Update the VERSION argument <min> value.  Or, use the <min>...<max> syntax
    to tell CMake that the project requires at least <min> but has been updated
    to work with policies introduced by <max> or earlier.
  
  
> CMake Warning (dev) at /home/runner/spack/opt/spack/linux-zen4/cmake-3.31.11-hizwkl76ppxdgbdqa3ioeendekiz7unr/share/cmake-3.31/Modules/CTest.cmake:50 (option):
    Policy CMP0077 is not set: option() honors normal variables.  Run "cmake
    --help-policy CMP0077" for policy details.  Use the cmake_policy command to
    set the policy and suppress this warning.
  
    For compatibility with older versions of CMake, option is clearing the
    normal variable 'BUILD_TESTING'.
  Call Stack (most recent call first):
    /tmp/runner/spack-stage/spack-stage-hipblaslt-7.2.1-cfnm6qchmwplkvs25fm6jjqqctkwrr5h/spack-build-cfnm6qc/_deps/yaml_cpp-src/CMakeLists.txt:21 (include)
  This warning is for project developers.  Use -Wno-dev to suppress it.
  
> CMake Warning (dev) at /tmp/runner/spack-stage/spack-stage-hipblaslt-7.2.1-cfnm6qchmwplkvs25fm6jjqqctkwrr5h/spack-build-cfnm6qc/_deps/yaml_cpp-src/CMakeLists.txt:24 (option):
    Policy CMP0077 is not set: option() honors normal variables.  Run "cmake
    --help-policy CMP0077" for policy details.  Use the cmake_policy command to
    set the policy and suppress this warning.
  
    For compatibility with older versions of CMake, option is clearing the
    normal variable 'YAML_CPP_BUILD_TOOLS'.
  This warning is for project developers.  Use -Wno-dev to suppress it.
  
> CMake Warning (dev) at /tmp/runner/spack-stage/spack-stage-hipblaslt-7.2.1-cfnm6qchmwplkvs25fm6jjqqctkwrr5h/spack-build-cfnm6qc/_deps/yaml_cpp-src/CMakeLists.txt:25 (option):
    Policy CMP0077 is not set: option() honors normal variables.  Run "cmake
    --help-policy CMP0077" for policy details.  Use the cmake_policy command to
    set the policy and suppress this warning.
  
    For compatibility with older versions of CMake, option is clearing the
    normal variable 'YAML_BUILD_SHARED_LIBS'.
  This warning is for project developers.  Use -Wno-dev to suppress it.
  
  -- Could NOT find msgpack-cxx (missing: msgpack-cxx_DIR)
  -- Found msgpack (<=5.x)
  -- Found GTest: /home/runner/spack/opt/spack/linux-zen4/googletest-1.17.0-qnxhuzcuvvtrlmpmsxjvwi53fxbrwmo3/lib64/cmake/GTest/GTestConfig.cmake (found version "1.17.0")
> CMake Warning (dev) at /tmp/runner/spack-stage/spack-stage-hipblaslt-7.2.1-cfnm6qchmwplkvs25fm6jjqqctkwrr5h/spack-src/shared/origami/tests/CMakeLists.txt:5 (find_package):
    Policy CMP0144 is not set: find_package uses upper-case <PACKAGENAME>_ROOT
    variables.  Run "cmake --help-policy CMP0144" for policy details.  Use the
    cmake_policy command to set the policy and suppress this warning.
  
    Environment variable BOOST_ROOT is set to:
  
-- lines 249 to 269 --
      /home/runner/spack/opt/spack/linux-zen4/boost-1.90.0-j2qc2ywc5q5ocbblw6bhx44j2clmplhp
  
    For compatibility, find_package is ignoring the variable, but code in a
    .cmake module might still use it.
  This warning is for project developers.  Use -Wno-dev to suppress it.
  
> CMake Warning (dev) at /tmp/runner/spack-stage/spack-stage-hipblaslt-7.2.1-cfnm6qchmwplkvs25fm6jjqqctkwrr5h/spack-src/shared/origami/tests/CMakeLists.txt:5 (find_package):
    Policy CMP0167 is not set: The FindBoost module is removed.  Run "cmake
    --help-policy CMP0167" for policy details.  Use the cmake_policy command to
    set the policy and suppress this warning.
  
  This warning is for project developers.  Use -Wno-dev to suppress it.
  
  -- Found Boost: /home/runner/spack/opt/spack/linux-zen4/boost-1.90.0-j2qc2ywc5q5ocbblw6bhx44j2clmplhp/lib/cmake/Boost-1.90.0/BoostConfig.cmake (found version "1.90.0") found components: filesystem
> CMake Warning (dev) at tensilelite/tests/CMakeLists.txt:5 (find_package):
    Policy CMP0144 is not set: find_package uses upper-case <PACKAGENAME>_ROOT
    variables.  Run "cmake --help-policy CMP0144" for policy details.  Use the
    cmake_policy command to set the policy and suppress this warning.
  
    Environment variable BOOST_ROOT is set to:
  
-- lines 270 to 282 --
      /home/runner/spack/opt/spack/linux-zen4/boost-1.90.0-j2qc2ywc5q5ocbblw6bhx44j2clmplhp
  
    For compatibility, find_package is ignoring the variable, but code in a
    .cmake module might still use it.
  This warning is for project developers.  Use -Wno-dev to suppress it.
  
> CMake Warning (dev) at tensilelite/tests/CMakeLists.txt:5 (find_package):
    Policy CMP0167 is not set: The FindBoost module is removed.  Run "cmake
    --help-policy CMP0167" for policy details.  Use the cmake_policy command to
    set the policy and suppress this warning.
  
  This warning is for project developers.  Use -Wno-dev to suppress it.
  
-- lines 299 to 311 --
  -- hipblaslt device library extops: Configuring target for architecture gfx1150 for hipblasltExtOpLibrary
  -- hipblaslt device library extops: Configuring target for architecture gfx1151 for hipblasltExtOpLibrary
  -- hipblaslt device library extops: Configuring target for architecture gfx1200 for hipblasltExtOpLibrary
  -- hipblaslt device library extops: Configuring target for architecture gfx1201 for hipblasltExtOpLibrary
  -- Configuring done (61.8s)
  -- Generating done (42.0s)
> CMake Warning:
    Manually-specified variables were not used by the project:
  
      ADDRESS_SANITIZER
      BUILD_CLIENTS_TESTS
      MSGPACK_DIR
      PYTHON_EXECUTABLE
-- lines 440 to 541 --
  [  8%] Building CXX object _deps/yaml_cpp-build/CMakeFiles/yaml-cpp.dir/src/regex_yaml.cpp.o
  cd /tmp/runner/spack-stage/spack-stage-hipblaslt-7.2.1-cfnm6qchmwplkvs25fm6jjqqctkwrr5h/spack-build-cfnm6qc/_deps/yaml_cpp-build && /home/runner/spack/opt/spack/linux-zen4/llvm-amdgpu-7.2.1-iojimua6pkybzsi6umlvy6fju6sdsc63/bin/amdclang++ -DYAML_CPP_STATIC_DEFINE -I/tmp/runner/spack-stage/spack-stage-hipblaslt-7.2.1-cfnm6qchmwplkvs25fm6jjqqctkwrr5h/spack-build-cfnm6qc/_deps/yaml_cpp-src/include -I/tmp/runner/spack-stage/spack-stage-hipblaslt-7.2.1-cfnm6qchmwplkvs25fm6jjqqctkwrr5h/spack-build-cfnm6qc/_deps/yaml_cpp-src/src -O3 -DNDEBUG -std=gnu++11 -fPIC -fvisibility-inlines-hidden -MD -MT _deps/yaml_cpp-build/CMakeFiles/yaml-cpp.dir/src/regex_yaml.cpp.o -MF CMakeFiles/yaml-cpp.dir/src/regex_yaml.cpp.o.d -o CMakeFiles/yaml-cpp.dir/src/regex_yaml.cpp.o -c /tmp/runner/spack-stage/spack-stage-hipblaslt-7.2.1-cfnm6qchmwplkvs25fm6jjqqctkwrr5h/spack-build-cfnm6qc/_deps/yaml_cpp-src/src/regex_yaml.cpp
  In file included from /tmp/runner/spack-stage/spack-stage-hipblaslt-7.2.1-cfnm6qchmwplkvs25fm6jjqqctkwrr5h/spack-src/shared/origami/src/origami/utils.cpp:4:
  In file included from /tmp/runner/spack-stage/spack-stage-hipblaslt-7.2.1-cfnm6qchmwplkvs25fm6jjqqctkwrr5h/spack-src/shared/origami/include/origami/utils.hpp:11:
  In file included from /home/runner/spack/opt/spack/linux-zen4/gcc-12.3.0-gbjninpngcng66o42zzz4yn6wj2npwae/lib/gcc/x86_64-pc-linux-gnu/12.3.0/../../../../include/c++/12.3.0/functional:64:
  In file included from /home/runner/spack/opt/spack/linux-zen4/gcc-12.3.0-gbjninpngcng66o42zzz4yn6wj2npwae/lib/gcc/x86_64-pc-linux-gnu/12.3.0/../../../../include/c++/12.3.0/bits/stl_algo.h:61:
> /home/runner/spack/opt/spack/linux-zen4/gcc-12.3.0-gbjninpngcng66o42zzz4yn6wj2npwae/lib/gcc/x86_64-pc-linux-gnu/12.3.0/../../../../include/c++/12.3.0/bits/stl_tempbuf.h:263:8: warning: 'get_temporary_buffer<std::tuple<double, unsigned long, unsigned long, unsigned long, unsigned long, unsigned long, unsigned long, int, int, unsigned long, unsigned long>>' is deprecated [-Wdeprecated-declarations]
    263 |                 std::get_temporary_buffer<value_type>(_M_original_len));
        |                      ^
> /home/runner/spack/opt/spack/linux-zen4/gcc-12.3.0-gbjninpngcng66o42zzz4yn6wj2npwae/lib/gcc/x86_64-pc-linux-gnu/12.3.0/../../../../include/c++/12.3.0/bits/stl_algo.h:4996:15: note: in instantiation of member function 'std::_Temporary_buffer<__gnu_cxx::__normal_iterator<std::tuple<double, unsigned long, unsigned long, unsigned long, unsigned long, unsigned long, unsigned long, int, int, unsigned long, unsigned long> *, std::vector<std::tuple<double, unsigned long, unsigned long, unsigned long, unsigned long, unsigned long, unsigned long, int, int, unsigned long, unsigned long>>>, std::tuple<double, unsigned long, unsigned long, unsigned long, unsigned long, unsigned long, unsigned long, int, int, unsigned long, unsigned long>>::_Temporary_buffer' requested here
   4996 |       _TmpBuf __buf(__first, (__last - __first + 1) / 2);
        |               ^
> /home/runner/spack/opt/spack/linux-zen4/gcc-12.3.0-gbjninpngcng66o42zzz4yn6wj2npwae/lib/gcc/x86_64-pc-linux-gnu/12.3.0/../../../../include/c++/12.3.0/bits/stl_algo.h:5070:23: note: in instantiation of function template specialization 'std::__stable_sort<__gnu_cxx::__normal_iterator<std::tuple<double, unsigned long, unsigned long, unsigned long, unsigned long, unsigned long, unsigned long, int, int, unsigned long, unsigned long> *, std::vector<std::tuple<double, unsigned long, unsigned long, unsigned long, unsigned long, unsigned long, unsigned long, int, int, unsigned long, unsigned long>>>, __gnu_cxx::__ops::_Iter_comp_iter<(lambda at /tmp/runner/spack-stage/spack-stage-hipblaslt-7.2.1-cfnm6qchmwplkvs25fm6jjqqctkwrr5h/spack-src/shared/origami/src/origami/utils.cpp:62:22)>>' requested here
   5070 |       _GLIBCXX_STD_A::__stable_sort(__first, __last,
        |                       ^
> /tmp/runner/spack-stage/spack-stage-hipblaslt-7.2.1-cfnm6qchmwplkvs25fm6jjqqctkwrr5h/spack-src/shared/origami/src/origami/utils.cpp:61:10: note: in instantiation of function template specialization 'std::stable_sort<__gnu_cxx::__normal_iterator<std::tuple<double, unsigned long, unsigned long, unsigned long, unsigned long, unsigned long, unsigned long, int, int, unsigned long, unsigned long> *, std::vector<std::tuple<double, unsigned long, unsigned long, unsigned long, unsigned long, unsigned long, unsigned long, int, int, unsigned long, unsigned long>>>, (lambda at /tmp/runner/spack-stage/spack-stage-hipblaslt-7.2.1-cfnm6qchmwplkvs25fm6jjqqctkwrr5h/spack-src/shared/origami/src/origami/utils.cpp:62:22)>' requested here
     61 |     std::stable_sort(top_results.begin(), top_results.begin() + num_to_sort,
        |          ^
> /home/runner/spack/opt/spack/linux-zen4/gcc-12.3.0-gbjninpngcng66o42zzz4yn6wj2npwae/lib/gcc/x86_64-pc-linux-gnu/12.3.0/../../../../include/c++/12.3.0/bits/stl_tempbuf.h:99:5: note: 'get_temporary_buffer<std::tuple<double, unsigned long, unsigned long, unsigned long, unsigned long, unsigned long, unsigned long, int, int, unsigned long, unsigned long>>' has been explicitly marked deprecated here
     99 |     _GLIBCXX17_DEPRECATED
        |     ^
> /home/runner/spack/opt/spack/linux-zen4/gcc-12.3.0-gbjninpngcng66o42zzz4yn6wj2npwae/lib/gcc/x86_64-pc-linux-gnu/12.3.0/../../../../include/c++/12.3.0/x86_64-pc-linux-gnu/bits/c++config.h:119:34: note: expanded from macro '_GLIBCXX17_DEPRECATED'
    119 | # define _GLIBCXX17_DEPRECATED [[__deprecated__]]
        |                                  ^
  [  8%] Building CXX object _deps/yaml_cpp-build/CMakeFiles/yaml-cpp.dir/src/scanner.cpp.o
  cd /tmp/runner/spack-stage/spack-stage-hipblaslt-7.2.1-cfnm6qchmwplkvs25fm6jjqqctkwrr5h/spack-build-cfnm6qc/_deps/yaml_cpp-build && /home/runner/spack/opt/spack/linux-zen4/llvm-amdgpu-7.2.1-iojimua6pkybzsi6umlvy6fju6sdsc63/bin/amdclang++ -DYAML_CPP_STATIC_DEFINE -I/tmp/runner/spack-stage/spack-stage-hipblaslt-7.2.1-cfnm6qchmwplkvs25fm6jjqqctkwrr5h/spack-build-cfnm6qc/_deps/yaml_cpp-src/include -I/tmp/runner/spack-stage/spack-stage-hipblaslt-7.2.1-cfnm6qchmwplkvs25fm6jjqqctkwrr5h/spack-build-cfnm6qc/_deps/yaml_cpp-src/src -O3 -DNDEBUG -std=gnu++11 -fPIC -fvisibility-inlines-hidden -MD -MT _deps/yaml_cpp-build/CMakeFiles/yaml-cpp.dir/src/scanner.cpp.o -MF CMakeFiles/yaml-cpp.dir/src/scanner.cpp.o.d -o CMakeFiles/yaml-cpp.dir/src/scanner.cpp.o -c /tmp/runner/spack-stage/spack-stage-hipblaslt-7.2.1-cfnm6qchmwplkvs25fm6jjqqctkwrr5h/spack-build-cfnm6qc/_deps/yaml_cpp-src/src/scanner.cpp
  [  8%] Building CXX object _deps/yaml_cpp-build/CMakeFiles/yaml-cpp.dir/src/scanscalar.cpp.o
  cd /tmp/runner/spack-stage/spack-stage-hipblaslt-7.2.1-cfnm6qchmwplkvs25fm6jjqqctkwrr5h/spack-build-cfnm6qc/_deps/yaml_cpp-build && /home/runner/spack/opt/spack/linux-zen4/llvm-amdgpu-7.2.1-iojimua6pkybzsi6umlvy6fju6sdsc63/bin/amdclang++ -DYAML_CPP_STATIC_DEFINE -I/tmp/runner/spack-stage/spack-stage-hipblaslt-7.2.1-cfnm6qchmwplkvs25fm6jjqqctkwrr5h/spack-build-cfnm6qc/_deps/yaml_cpp-src/include -I/tmp/runner/spack-stage/spack-stage-hipblaslt-7.2.1-cfnm6qchmwplkvs25fm6jjqqctkwrr5h/spack-build-cfnm6qc/_deps/yaml_cpp-src/src -O3 -DNDEBUG -std=gnu++11 -fPIC -fvisibility-inlines-hidden -MD -MT _deps/yaml_cpp-build/CMakeFiles/yaml-cpp.dir/src/scanscalar.cpp.o -MF CMakeFiles/yaml-cpp.dir/src/scanscalar.cpp.o.d -o CMakeFiles/yaml-cpp.dir/src/scanscalar.cpp.o -c /tmp/runner/spack-stage/spack-stage-hipblaslt-7.2.1-cfnm6qchmwplkvs25fm6jjqqctkwrr5h/spack-build-cfnm6qc/_deps/yaml_cpp-src/src/scanscalar.cpp
  In file included from /tmp/runner/spack-stage/spack-stage-hipblaslt-7.2.1-cfnm6qchmwplkvs25fm6jjqqctkwrr5h/spack-src/shared/origami/src/origami/utils.cpp:4:
  In file included from /tmp/runner/spack-stage/spack-stage-hipblaslt-7.2.1-cfnm6qchmwplkvs25fm6jjqqctkwrr5h/spack-src/shared/origami/include/origami/utils.hpp:11:
  In file included from /home/runner/spack/opt/spack/linux-zen4/gcc-12.3.0-gbjninpngcng66o42zzz4yn6wj2npwae/lib/gcc/x86_64-pc-linux-gnu/12.3.0/../../../../include/c++/12.3.0/functional:64:
  In file included from /home/runner/spack/opt/spack/linux-zen4/gcc-12.3.0-gbjninpngcng66o42zzz4yn6wj2npwae/lib/gcc/x86_64-pc-linux-gnu/12.3.0/../../../../include/c++/12.3.0/bits/stl_algo.h:61:
> /home/runner/spack/opt/spack/linux-zen4/gcc-12.3.0-gbjninpngcng66o42zzz4yn6wj2npwae/lib/gcc/x86_64-pc-linux-gnu/12.3.0/../../../../include/c++/12.3.0/bits/stl_tempbuf.h:263:8: warning: 'get_temporary_buffer<std::tuple<double, unsigned long, unsigned long, unsigned long>>' is deprecated [-Wdeprecated-declarations]
    263 |                 std::get_temporary_buffer<value_type>(_M_original_len));
        |                      ^
> /home/runner/spack/opt/spack/linux-zen4/gcc-12.3.0-gbjninpngcng66o42zzz4yn6wj2npwae/lib/gcc/x86_64-pc-linux-gnu/12.3.0/../../../../include/c++/12.3.0/bits/stl_algo.h:4996:15: note: in instantiation of member function 'std::_Temporary_buffer<__gnu_cxx::__normal_iterator<std::tuple<double, unsigned long, unsigned long, unsigned long> *, std::vector<std::tuple<double, unsigned long, unsigned long, unsigned long>>>, std::tuple<double, unsigned long, unsigned long, unsigned long>>::_Temporary_buffer' requested here
   4996 |       _TmpBuf __buf(__first, (__last - __first + 1) / 2);
        |               ^
> /home/runner/spack/opt/spack/linux-zen4/gcc-12.3.0-gbjninpngcng66o42zzz4yn6wj2npwae/lib/gcc/x86_64-pc-linux-gnu/12.3.0/../../../../include/c++/12.3.0/bits/stl_algo.h:5034:23: note: in instantiation of function template specialization 'std::__stable_sort<__gnu_cxx::__normal_iterator<std::tuple<double, unsigned long, unsigned long, unsigned long> *, std::vector<std::tuple<double, unsigned long, unsigned long, unsigned long>>>, __gnu_cxx::__ops::_Iter_less_iter>' requested here
   5034 |       _GLIBCXX_STD_A::__stable_sort(__first, __last,
        |                       ^
> /tmp/runner/spack-stage/spack-stage-hipblaslt-7.2.1-cfnm6qchmwplkvs25fm6jjqqctkwrr5h/spack-src/shared/origami/src/origami/utils.cpp:580:10: note: in instantiation of function template specialization 'std::stable_sort<__gnu_cxx::__normal_iterator<std::tuple<double, unsigned long, unsigned long, unsigned long> *, std::vector<std::tuple<double, unsigned long, unsigned long, unsigned long>>>>' requested here
    580 |     std::stable_sort(tie_breaker_results.begin(), tie_breaker_results.end());
        |          ^
> /home/runner/spack/opt/spack/linux-zen4/gcc-12.3.0-gbjninpngcng66o42zzz4yn6wj2npwae/lib/gcc/x86_64-pc-linux-gnu/12.3.0/../../../../include/c++/12.3.0/bits/stl_tempbuf.h:99:5: note: 'get_temporary_buffer<std::tuple<double, unsigned long, unsigned long, unsigned long>>' has been explicitly marked deprecated here
     99 |     _GLIBCXX17_DEPRECATED
        |     ^
> /home/runner/spack/opt/spack/linux-zen4/gcc-12.3.0-gbjninpngcng66o42zzz4yn6wj2npwae/lib/gcc/x86_64-pc-linux-gnu/12.3.0/../../../../include/c++/12.3.0/x86_64-pc-linux-gnu/bits/c++config.h:119:34: note: expanded from macro '_GLIBCXX17_DEPRECATED'
    119 | # define _GLIBCXX17_DEPRECATED [[__deprecated__]]
        |                                  ^
  [  8%] Building CXX object tensilelite/rocisa/CMakeFiles/nanobind-static.dir/__/__/_deps/nanobind-src/src/trampoline.cpp.o
  [  8%] Building CXX object tensilelite/rocisa/CMakeFiles/nanobind-static.dir/__/__/_deps/nanobind-src/src/implicit.cpp.o
  cd /tmp/runner/spack-stage/spack-stage-hipblaslt-7.2.1-cfnm6qchmwplkvs25fm6jjqqctkwrr5h/spack-build-cfnm6qc/tensilelite/rocisa && /home/runner/spack/opt/spack/linux-zen4/llvm-amdgpu-7.2.1-iojimua6pkybzsi6umlvy6fju6sdsc63/bin/amdclang++ -DNB_COMPACT_ASSERTIONS -I/tmp/runner/spack-stage/spack-stage-hipblaslt-7.2.1-cfnm6qchmwplkvs25fm6jjqqctkwrr5h/spack-build-cfnm6qc/_deps/nanobind-src/ext/robin_map/include -isystem /home/runner/spack/opt/spack/linux-zen4/python-3.12.13-kp5rcjrz4avntb74okxiyjyuk5da4n2s/include/python3.12 -isystem /tmp/runner/spack-stage/spack-stage-hipblaslt-7.2.1-cfnm6qchmwplkvs25fm6jjqqctkwrr5h/spack-build-cfnm6qc/_deps/nanobind-src/include -O3 -DNDEBUG -std=c++20 -fPIC -fvisibility=hidden -ffunction-sections -fdata-sections -fno-strict-aliasing -MD -MT tensilelite/rocisa/CMakeFiles/nanobind-static.dir/__/__/_deps/nanobind-src/src/trampoline.cpp.o -MF CMakeFiles/nanobind-static.dir/__/__/_deps/nanobind-src/src/trampoline.cpp.o.d -o CMakeFiles/nanobind-static.dir/__/__/_deps/nanobind-src/src/trampoline.cpp.o -c /tmp/runner/spack-stage/spack-stage-hipblaslt-7.2.1-cfnm6qchmwplkvs25fm6jjqqctkwrr5h/spack-build-cfnm6qc/_deps/nanobind-src/src/trampoline.cpp
  cd /tmp/runner/spack-stage/spack-stage-hipblaslt-7.2.1-cfnm6qchmwplkvs25fm6jjqqctkwrr5h/spack-build-cfnm6qc/tensilelite/rocisa && /home/runner/spack/opt/spack/linux-zen4/llvm-amdgpu-7.2.1-iojimua6pkybzsi6umlvy6fju6sdsc63/bin/amdclang++ -DNB_COMPACT_ASSERTIONS -I/tmp/runner/spack-stage/spack-stage-hipblaslt-7.2.1-cfnm6qchmwplkvs25fm6jjqqctkwrr5h/spack-build-cfnm6qc/_deps/nanobind-src/ext/robin_map/include -isystem /home/runner/spack/opt/spack/linux-zen4/python-3.12.13-kp5rcjrz4avntb74okxiyjyuk5da4n2s/include/python3.12 -isystem /tmp/runner/spack-stage/spack-stage-hipblaslt-7.2.1-cfnm6qchmwplkvs25fm6jjqqctkwrr5h/spack-build-cfnm6qc/_deps/nanobind-src/include -O3 -DNDEBUG -std=c++20 -fPIC -fvisibility=hidden -ffunction-sections -fdata-sections -fno-strict-aliasing -MD -MT tensilelite/rocisa/CMakeFiles/nanobind-static.dir/__/__/_deps/nanobind-src/src/implicit.cpp.o -MF CMakeFiles/nanobind-static.dir/__/__/_deps/nanobind-src/src/implicit.cpp.o.d -o CMakeFiles/nanobind-static.dir/__/__/_deps/nanobind-src/src/implicit.cpp.o -c /tmp/runner/spack-stage/spack-stage-hipblaslt-7.2.1-cfnm6qchmwplkvs25fm6jjqqctkwrr5h/spack-build-cfnm6qc/_deps/nanobind-src/src/implicit.cpp
  In file included from /tmp/runner/spack-stage/spack-stage-hipblaslt-7.2.1-cfnm6qchmwplkvs25fm6jjqqctkwrr5h/spack-src/shared/origami/src/origami/utils.cpp:4:
  In file included from /tmp/runner/spack-stage/spack-stage-hipblaslt-7.2.1-cfnm6qchmwplkvs25fm6jjqqctkwrr5h/spack-src/shared/origami/include/origami/utils.hpp:11:
  In file included from /home/runner/spack/opt/spack/linux-zen4/gcc-12.3.0-gbjninpngcng66o42zzz4yn6wj2npwae/lib/gcc/x86_64-pc-linux-gnu/12.3.0/../../../../include/c++/12.3.0/functional:64:
  In file included from /home/runner/spack/opt/spack/linux-zen4/gcc-12.3.0-gbjninpngcng66o42zzz4yn6wj2npwae/lib/gcc/x86_64-pc-linux-gnu/12.3.0/../../../../include/c++/12.3.0/bits/stl_algo.h:61:
> /home/runner/spack/opt/spack/linux-zen4/gcc-12.3.0-gbjninpngcng66o42zzz4yn6wj2npwae/lib/gcc/x86_64-pc-linux-gnu/12.3.0/../../../../include/c++/12.3.0/bits/stl_tempbuf.h:263:8: warning: 'get_temporary_buffer<std::tuple<double, unsigned long, unsigned long, unsigned long, unsigned long, unsigned long, unsigned long>>' is deprecated [-Wdeprecated-declarations]
    263 |                 std::get_temporary_buffer<value_type>(_M_original_len));
        |                      ^
> /home/runner/spack/opt/spack/linux-zen4/gcc-12.3.0-gbjninpngcng66o42zzz4yn6wj2npwae/lib/gcc/x86_64-pc-linux-gnu/12.3.0/../../../../include/c++/12.3.0/bits/stl_algo.h:4996:15: note: in instantiation of member function 'std::_Temporary_buffer<__gnu_cxx::__normal_iterator<std::tuple<double, unsigned long, unsigned long, unsigned long, unsigned long, unsigned long, unsigned long> *, std::vector<std::tuple<double, unsigned long, unsigned long, unsigned long, unsigned long, unsigned long, unsigned long>>>, std::tuple<double, unsigned long, unsigned long, unsigned long, unsigned long, unsigned long, unsigned long>>::_Temporary_buffer' requested here
   4996 |       _TmpBuf __buf(__first, (__last - __first + 1) / 2);
        |               ^
> /home/runner/spack/opt/spack/linux-zen4/gcc-12.3.0-gbjninpngcng66o42zzz4yn6wj2npwae/lib/gcc/x86_64-pc-linux-gnu/12.3.0/../../../../include/c++/12.3.0/bits/stl_algo.h:5070:23: note: in instantiation of function template specialization 'std::__stable_sort<__gnu_cxx::__normal_iterator<std::tuple<double, unsigned long, unsigned long, unsigned long, unsigned long, unsigned long, unsigned long> *, std::vector<std::tuple<double, unsigned long, unsigned long, unsigned long, unsigned long, unsigned long, unsigned long>>>, __gnu_cxx::__ops::_Iter_comp_iter<(lambda at /tmp/runner/spack-stage/spack-stage-hipblaslt-7.2.1-cfnm6qchmwplkvs25fm6jjqqctkwrr5h/spack-src/shared/origami/src/origami/utils.cpp:631:22)>>' requested here
   5070 |       _GLIBCXX_STD_A::__stable_sort(__first, __last,
        |                       ^
> /tmp/runner/spack-stage/spack-stage-hipblaslt-7.2.1-cfnm6qchmwplkvs25fm6jjqqctkwrr5h/spack-src/shared/origami/src/origami/utils.cpp:630:10: note: in instantiation of function template specialization 'std::stable_sort<__gnu_cxx::__normal_iterator<std::tuple<double, unsigned long, unsigned long, unsigned long, unsigned long, unsigned long, unsigned long> *, std::vector<std::tuple<double, unsigned long, unsigned long, unsigned long, unsigned long, unsigned long, unsigned long>>>, (lambda at /tmp/runner/spack-stage/spack-stage-hipblaslt-7.2.1-cfnm6qchmwplkvs25fm6jjqqctkwrr5h/spack-src/shared/origami/src/origami/utils.cpp:631:22)>' requested here
    630 |     std::stable_sort(results.begin(), results.end(),
        |          ^
> /home/runner/spack/opt/spack/linux-zen4/gcc-12.3.0-gbjninpngcng66o42zzz4yn6wj2npwae/lib/gcc/x86_64-pc-linux-gnu/12.3.0/../../../../include/c++/12.3.0/bits/stl_tempbuf.h:99:5: note: 'get_temporary_buffer<std::tuple<double, unsigned long, unsigned long, unsigned long, unsigned long, unsigned long, unsigned long>>' has been explicitly marked deprecated here
     99 |     _GLIBCXX17_DEPRECATED
        |     ^
> /home/runner/spack/opt/spack/linux-zen4/gcc-12.3.0-gbjninpngcng66o42zzz4yn6wj2npwae/lib/gcc/x86_64-pc-linux-gnu/12.3.0/../../../../include/c++/12.3.0/x86_64-pc-linux-gnu/bits/c++config.h:119:34: note: expanded from macro '_GLIBCXX17_DEPRECATED'
    119 | # define _GLIBCXX17_DEPRECATED [[__deprecated__]]
        |                                  ^
  In file included from /tmp/runner/spack-stage/spack-stage-hipblaslt-7.2.1-cfnm6qchmwplkvs25fm6jjqqctkwrr5h/spack-src/shared/origami/src/origami/utils.cpp:4:
  In file included from /tmp/runner/spack-stage/spack-stage-hipblaslt-7.2.1-cfnm6qchmwplkvs25fm6jjqqctkwrr5h/spack-src/shared/origami/include/origami/utils.hpp:11:
  In file included from /home/runner/spack/opt/spack/linux-zen4/gcc-12.3.0-gbjninpngcng66o42zzz4yn6wj2npwae/lib/gcc/x86_64-pc-linux-gnu/12.3.0/../../../../include/c++/12.3.0/functional:64:
  In file included from /home/runner/spack/opt/spack/linux-zen4/gcc-12.3.0-gbjninpngcng66o42zzz4yn6wj2npwae/lib/gcc/x86_64-pc-linux-gnu/12.3.0/../../../../include/c++/12.3.0/bits/stl_algo.h:61:
> /home/runner/spack/opt/spack/linux-zen4/gcc-12.3.0-gbjninpngcng66o42zzz4yn6wj2npwae/lib/gcc/x86_64-pc-linux-gnu/12.3.0/../../../../include/c++/12.3.0/bits/stl_tempbuf.h:263:8: warning: 'get_temporary_buffer<std::pair<double, unsigned long>>' is deprecated [-Wdeprecated-declarations]
    263 |                 std::get_temporary_buffer<value_type>(_M_original_len));
        |                      ^
> /home/runner/spack/opt/spack/linux-zen4/gcc-12.3.0-gbjninpngcng66o42zzz4yn6wj2npwae/lib/gcc/x86_64-pc-linux-gnu/12.3.0/../../../../include/c++/12.3.0/bits/stl_algo.h:4996:15: note: in instantiation of member function 'std::_Temporary_buffer<__gnu_cxx::__normal_iterator<std::pair<double, unsigned long> *, std::vector<std::pair<double, unsigned long>>>, std::pair<double, unsigned long>>::_Temporary_buffer' requested here
   4996 |       _TmpBuf __buf(__first, (__last - __first + 1) / 2);
        |               ^
> /home/runner/spack/opt/spack/linux-zen4/gcc-12.3.0-gbjninpngcng66o42zzz4yn6wj2npwae/lib/gcc/x86_64-pc-linux-gnu/12.3.0/../../../../include/c++/12.3.0/bits/stl_algo.h:5070:23: note: in instantiation of function template specialization 'std::__stable_sort<__gnu_cxx::__normal_iterator<std::pair<double, unsigned long> *, std::vector<std::pair<double, unsigned long>>>, __gnu_cxx::__ops::_Iter_comp_iter<(lambda at /tmp/runner/spack-stage/spack-stage-hipblaslt-7.2.1-cfnm6qchmwplkvs25fm6jjqqctkwrr5h/spack-src/shared/origami/src/origami/utils.cpp:670:30)>>' requested here
   5070 |       _GLIBCXX_STD_A::__stable_sort(__first, __last,
        |                       ^
> /tmp/runner/spack-stage/spack-stage-hipblaslt-7.2.1-cfnm6qchmwplkvs25fm6jjqqctkwrr5h/spack-src/shared/origami/src/origami/utils.cpp:669:18: note: in instantiation of function template specialization 'std::stable_sort<__gnu_cxx::__normal_iterator<std::pair<double, unsigned long> *, std::vector<std::pair<double, unsigned long>>>, (lambda at /tmp/runner/spack-stage/spack-stage-hipblaslt-7.2.1-cfnm6qchmwplkvs25fm6jjqqctkwrr5h/spack-src/shared/origami/src/origami/utils.cpp:670:30)>' requested here
    669 |             std::stable_sort(tie_breaker_scores.begin(), tie_breaker_scores.end(),
        |                  ^
> /home/runner/spack/opt/spack/linux-zen4/gcc-12.3.0-gbjninpngcng66o42zzz4yn6wj2npwae/lib/gcc/x86_64-pc-linux-gnu/12.3.0/../../../../include/c++/12.3.0/bits/stl_tempbuf.h:99:5: note: 'get_temporary_buffer<std::pair<double, unsigned long>>' has been explicitly marked deprecated here
     99 |     _GLIBCXX17_DEPRECATED
        |     ^
> /home/runner/spack/opt/spack/linux-zen4/gcc-12.3.0-gbjninpngcng66o42zzz4yn6wj2npwae/lib/gcc/x86_64-pc-linux-gnu/12.3.0/../../../../include/c++/12.3.0/x86_64-pc-linux-gnu/bits/c++config.h:119:34: note: expanded from macro '_GLIBCXX17_DEPRECATED'
    119 | # define _GLIBCXX17_DEPRECATED [[__deprecated__]]
        |                                  ^
  [  8%] Building CXX object _deps/yaml_cpp-build/CMakeFiles/yaml-cpp.dir/src/scantag.cpp.o
  cd /tmp/runner/spack-stage/spack-stage-hipblaslt-7.2.1-cfnm6qchmwplkvs25fm6jjqqctkwrr5h/spack-build-cfnm6qc/_deps/yaml_cpp-build && /home/runner/spack/opt/spack/linux-zen4/llvm-amdgpu-7.2.1-iojimua6pkybzsi6umlvy6fju6sdsc63/bin/amdclang++ -DYAML_CPP_STATIC_DEFINE -I/tmp/runner/spack-stage/spack-stage-hipblaslt-7.2.1-cfnm6qchmwplkvs25fm6jjqqctkwrr5h/spack-build-cfnm6qc/_deps/yaml_cpp-src/include -I/tmp/runner/spack-stage/spack-stage-hipblaslt-7.2.1-cfnm6qchmwplkvs25fm6jjqqctkwrr5h/spack-build-cfnm6qc/_deps/yaml_cpp-src/src -O3 -DNDEBUG -std=gnu++11 -fPIC -fvisibility-inlines-hidden -MD -MT _deps/yaml_cpp-build/CMakeFiles/yaml-cpp.dir/src/scantag.cpp.o -MF CMakeFiles/yaml-cpp.dir/src/scantag.cpp.o.d -o CMakeFiles/yaml-cpp.dir/src/scantag.cpp.o -c /tmp/runner/spack-stage/spack-stage-hipblaslt-7.2.1-cfnm6qchmwplkvs25fm6jjqqctkwrr5h/spack-build-cfnm6qc/_deps/yaml_cpp-src/src/scantag.cpp
  [  9%] Building CXX object _deps/yaml_cpp-build/CMakeFiles/yaml-cpp.dir/src/scantoken.cpp.o
  cd /tmp/runner/spack-stage/spack-stage-hipblaslt-7.2.1-cfnm6qchmwplkvs25fm6jjqqctkwrr5h/spack-build-cfnm6qc/_deps/yaml_cpp-build && /home/runner/spack/opt/spack/linux-zen4/llvm-amdgpu-7.2.1-iojimua6pkybzsi6umlvy6fju6sdsc63/bin/amdclang++ -DYAML_CPP_STATIC_DEFINE -I/tmp/runner/spack-stage/spack-stage-hipblaslt-7.2.1-cfnm6qchmwplkvs25fm6jjqqctkwrr5h/spack-build-cfnm6qc/_deps/yaml_cpp-src/include -I/tmp/runner/spack-stage/spack-stage-hipblaslt-7.2.1-cfnm6qchmwplkvs25fm6jjqqctkwrr5h/spack-build-cfnm6qc/_deps/yaml_cpp-src/src -O3 -DNDEBUG -std=gnu++11 -fPIC -fvisibility-inlines-hidden -MD -MT _deps/yaml_cpp-build/CMakeFiles/yaml-cpp.dir/src/scantoken.cpp.o -MF CMakeFiles/yaml-cpp.dir/src/scantoken.cpp.o.d -o CMakeFiles/yaml-cpp.dir/src/scantoken.cpp.o -c /tmp/runner/spack-stage/spack-stage-hipblaslt-7.2.1-cfnm6qchmwplkvs25fm6jjqqctkwrr5h/spack-build-cfnm6qc/_deps/yaml_cpp-src/src/scantoken.cpp
-- lines 709 to 721 --
  cd /tmp/runner/spack-stage/spack-stage-hipblaslt-7.2.1-cfnm6qchmwplkvs25fm6jjqqctkwrr5h/spack-build-cfnm6qc/origami/tests && /home/runner/spack/opt/spack/linux-zen4/cmake-3.31.11-hizwkl76ppxdgbdqa3ioeendekiz7unr/bin/cmake -E cmake_link_script CMakeFiles/origami-tests.dir/link.txt --verbose=1
  /home/runner/spack/opt/spack/linux-zen4/llvm-amdgpu-7.2.1-iojimua6pkybzsi6umlvy6fju6sdsc63/bin/amdclang++ -O3 -DNDEBUG -Xlinker --dependency-file=CMakeFiles/origami-tests.dir/link.d "CMakeFiles/origami-tests.dir/origami_gtest.cpp.o" "CMakeFiles/origami-tests.dir/test_tile_ordering_issue.cpp.o" "CMakeFiles/origami-tests.dir/test_negative_occupancy.cpp.o" -o origami-tests  -Wl,-rpath,/home/runner/spack/opt/spack/linux-zen4/boost-1.90.0-j2qc2ywc5q5ocbblw6bhx44j2clmplhp/lib:/home/runner/spack/opt/spack/linux-zen4/googletest-1.17.0-qnxhuzcuvvtrlmpmsxjvwi53fxbrwmo3/lib64:/home/runner/spack/opt/spack/linux-zen4/hip-7.2.1-rhfra5b7fhpyana6p4ktfrkn6pysds4i/lib ../liborigami.a /home/runner/spack/opt/spack/linux-zen4/boost-1.90.0-j2qc2ywc5q5ocbblw6bhx44j2clmplhp/lib/libboost_filesystem.so.1.90.0 /home/runner/spack/opt/spack/linux-zen4/googletest-1.17.0-qnxhuzcuvvtrlmpmsxjvwi53fxbrwmo3/lib64/libgtest_main.so.1.17.0 /home/runner/spack/opt/spack/linux-zen4/hip-7.2.1-rhfra5b7fhpyana6p4ktfrkn6pysds4i/lib/libamdhip64.so.7.2.53211 /home/runner/spack/opt/spack/linux-zen4/llvm-amdgpu-7.2.1-iojimua6pkybzsi6umlvy6fju6sdsc63/lib/clang/22/lib/linux/libclang_rt.builtins-x86_64.a /home/runner/spack/opt/spack/linux-zen4/boost-1.90.0-j2qc2ywc5q5ocbblw6bhx44j2clmplhp/lib/libboost_atomic.so.1.90.0 /home/runner/spack/opt/spack/linux-zen4/googletest-1.17.0-qnxhuzcuvvtrlmpmsxjvwi53fxbrwmo3/lib64/libgtest.so.1.17.0
  cd /tmp/runner/spack-stage/spack-stage-hipblaslt-7.2.1-cfnm6qchmwplkvs25fm6jjqqctkwrr5h/spack-build-cfnm6qc/origami/tests && /home/runner/spack/opt/spack/linux-zen4/cmake-3.31.11-hizwkl76ppxdgbdqa3ioeendekiz7unr/bin/cmake -D TEST_TARGET=origami-tests -D TEST_EXECUTABLE=/tmp/runner/spack-stage/spack-stage-hipblaslt-7.2.1-cfnm6qchmwplkvs25fm6jjqqctkwrr5h/spack-build-cfnm6qc/origami/tests/origami-tests -D TEST_EXECUTOR= -D TEST_WORKING_DIR=/tmp/runner/spack-stage/spack-stage-hipblaslt-7.2.1-cfnm6qchmwplkvs25fm6jjqqctkwrr5h/spack-build-cfnm6qc/origami/tests -D TEST_EXTRA_ARGS= -D TEST_PROPERTIES= -D TEST_PREFIX= -D TEST_SUFFIX= -D TEST_FILTER= -D NO_PRETTY_TYPES=FALSE -D NO_PRETTY_VALUES=FALSE -D TEST_LIST=origami-tests_TESTS -D CTEST_FILE=/tmp/runner/spack-stage/spack-stage-hipblaslt-7.2.1-cfnm6qchmwplkvs25fm6jjqqctkwrr5h/spack-build-cfnm6qc/origami/tests/origami-tests[1]_tests.cmake -D TEST_DISCOVERY_TIMEOUT=5 -D TEST_DISCOVERY_EXTRA_ARGS= -D TEST_XML_OUTPUT_DIR= -P /home/runner/spack/opt/spack/linux-zen4/cmake-3.31.11-hizwkl76ppxdgbdqa3ioeendekiz7unr/share/cmake-3.31/Modules/GoogleTestAddTests.cmake
  /tmp/runner/spack-stage/spack-stage-hipblaslt-7.2.1-cfnm6qchmwplkvs25fm6jjqqctkwrr5h/spack-build-cfnm6qc/origami/tests/origami-tests: /lib64/libstdc++.so.6: version `GLIBCXX_3.4.30' not found (required by /home/runner/spack/opt/spack/linux-zen4/hip-7.2.1-rhfra5b7fhpyana6p4ktfrkn6pysds4i/lib/libamdhip64.so.7)
  /tmp/runner/spack-stage/spack-stage-hipblaslt-7.2.1-cfnm6qchmwplkvs25fm6jjqqctkwrr5h/spack-build-cfnm6qc/origami/tests/origami-tests: /lib64/libstdc++.so.6: version `GLIBCXX_3.4.30' not found (required by /home/runner/spack/opt/spack/linux-zen4/comgr-7.2.1-vtihxs3wmic636p6ovgc7gvf5k2jdukc/lib/libamd_comgr.so.3)
  /tmp/runner/spack-stage/spack-stage-hipblaslt-7.2.1-cfnm6qchmwplkvs25fm6jjqqctkwrr5h/spack-build-cfnm6qc/origami/tests/origami-tests: /lib64/libstdc++.so.6: version `GLIBCXX_3.4.30' not found (required by /home/runner/spack/opt/spack/linux-zen4/hsa-rocr-dev-7.2.1-ne27g2vzffhcbq2ibkqgm4ulzzks36eb/lib/libhsa-runtime64.so.1)
> CMake Error at /home/runner/spack/opt/spack/linux-zen4/cmake-3.31.11-hizwkl76ppxdgbdqa3ioeendekiz7unr/share/cmake-3.31/Modules/GoogleTestAddTests.cmake:132 (message):
    Error running test executable.
  
      Path: '/tmp/runner/spack-stage/spack-stage-hipblaslt-7.2.1-cfnm6qchmwplkvs25fm6jjqqctkwrr5h/spack-build-cfnm6qc/origami/tests/origami-tests'
      Working directory: '/tmp/runner/spack-stage/spack-stage-hipblaslt-7.2.1-cfnm6qchmwplkvs25fm6jjqqctkwrr5h/spack-build-cfnm6qc/origami/tests'
      Result: 1
      Output:
-- lines 722 to 737 --
  
  
  Call Stack (most recent call first):
    /home/runner/spack/opt/spack/linux-zen4/cmake-3.31.11-hizwkl76ppxdgbdqa3ioeendekiz7unr/share/cmake-3.31/Modules/GoogleTestAddTests.cmake:275 (gtest_discover_tests_impl)
  
  
> make[3]: *** [origami/tests/CMakeFiles/origami-tests.dir/build.make:144: origami/tests/origami-tests] Error 1
  make[3]: *** Deleting file 'origami/tests/origami-tests'
  make[3]: Leaving directory '/tmp/runner/spack-stage/spack-stage-hipblaslt-7.2.1-cfnm6qchmwplkvs25fm6jjqqctkwrr5h/spack-build-cfnm6qc'
> make[2]: *** [CMakeFiles/Makefile2:2572: origami/tests/CMakeFiles/origami-tests.dir/all] Error 2
  make[2]: *** Waiting for unfinished jobs....
  [ 18%] Building CXX object tensilelite/CMakeFiles/tensilelite-host.dir/src/ContractionSolution.cpp.o
  cd /tmp/runner/spack-stage/spack-stage-hipblaslt-7.2.1-cfnm6qchmwplkvs25fm6jjqqctkwrr5h/spack-build-cfnm6qc/tensilelite && /home/runner/spack/opt/spack/linux-zen4/llvm-amdgpu-7.2.1-iojimua6pkybzsi6umlvy6fju6sdsc63/bin/amdclang++ -DTENSILE_DEFAULT_SERIALIZATION -DTENSILE_MSGPACK -DTENSILE_USE_HIP -DUSE_PROF_API=1 -D__HIP_HCC_COMPAT_MODE__=1 -D__HIP_PLATFORM_AMD__=1 -I/tmp/runner/spack-stage/spack-stage-hipblaslt-7.2.1-cfnm6qchmwplkvs25fm6jjqqctkwrr5h/spack-src/projects/hipblaslt/tensilelite/include -I/tmp/runner/spack-stage/spack-stage-hipblaslt-7.2.1-cfnm6qchmwplkvs25fm6jjqqctkwrr5h/spack-build-cfnm6qc/tensilelite/include -I/tmp/runner/spack-stage/spack-stage-hipblaslt-7.2.1-cfnm6qchmwplkvs25fm6jjqqctkwrr5h/spack-src/projects/hipblaslt/tensilelite/rocisa -I/tmp/runner/spack-stage/spack-stage-hipblaslt-7.2.1-cfnm6qchmwplkvs25fm6jjqqctkwrr5h/spack-src/shared/origami/include -isystem /home/runner/spack/opt/spack/linux-zen4/msgpack-c-3.1.1-i3wxpe5h47yo35agbqisrcggr552wbw7/include -isystem /home/runner/spack/opt/spack/linux-zen4/hip-7.2.1-rhfra5b7fhpyana6p4ktfrkn6pysds4i/include -O3 -DNDEBUG -fPIC -fvisibility=hidden -x hip --offload-arch=gfx908 --offload-arch=gfx90a --offload-arch=gfx942 --offload-arch=gfx950 --offload-arch=gfx1100 --offload-arch=gfx1101 --offload-arch=gfx1102 --offload-arch=gfx1103 --offload-arch=gfx1150 --offload-arch=gfx1151 --offload-arch=gfx1200 --offload-arch=gfx1201 -MD -MT tensilelite/CMakeFiles/tensilelite-host.dir/src/ContractionSolution.cpp.o -MF CMakeFiles/tensilelite-host.dir/src/ContractionSolution.cpp.o.d -o CMakeFiles/tensilelite-host.dir/src/ContractionSolution.cpp.o -c /tmp/runner/spack-stage/spack-stage-hipblaslt-7.2.1-cfnm6qchmwplkvs25fm6jjqqctkwrr5h/spack-src/projects/hipblaslt/tensilelite/src/ContractionSolution.cpp
  [ 18%] Building CXX object rocroller/GPUArchitectureGenerator/CMakeFiles/GPUArchitectureGenerator.dir/tmp/runner/spack-stage/spack-stage-hipblaslt-7.2.1-cfnm6qchmwplkvs25fm6jjqqctkwrr5h/spack-src/shared/rocroller/lib/source/Timer.cpp.o
  cd /tmp/runner/spack-stage/spack-stage-hipblaslt-7.2.1-cfnm6qchmwplkvs25fm6jjqqctkwrr5h/spack-build-cfnm6qc/rocroller/GPUArchitectureGenerator && /home/runner/spack/opt/spack/linux-zen4/llvm-amdgpu-7.2.1-iojimua6pkybzsi6umlvy6fju6sdsc63/bin/amdclang++ -DFMT_HEADER_ONLY=1 -DROCROLLER_USE_HIP -DROCROLLER_USE_YAML_CPP -DSPDLOG_FWRITE_UNLOCKED -DUSE_PROF_API=1 -DYAML_CPP_STATIC_DEFINE -D__HIP_PLATFORM_AMD__ -D__HIP_PLATFORM_AMD__=1 -I/tmp/runner/spack-stage/spack-stage-hipblaslt-7.2.1-cfnm6qchmwplkvs25fm6jjqqctkwrr5h/spack-src/shared/rocroller/GPUArchitectureGenerator/include -I/tmp/runner/spack-stage/spack-stage-hipblaslt-7.2.1-cfnm6qchmwplkvs25fm6jjqqctkwrr5h/spack-src/shared/rocroller/lib/include -I/tmp/runner/spack-stage/spack-stage-hipblaslt-7.2.1-cfnm6qchmwplkvs25fm6jjqqctkwrr5h/spack-build-cfnm6qc/_deps/yaml_cpp-src/include -I/tmp/runner/spack-stage/spack-stage-hipblaslt-7.2.1-cfnm6qchmwplkvs25fm6jjqqctkwrr5h/spack-build-cfnm6qc/_deps/spdlog-src/include -I/tmp/runner/spack-stage/spack-stage-hipblaslt-7.2.1-cfnm6qchmwplkvs25fm6jjqqctkwrr5h/spack-src/shared/rocroller/GPUArchitectureGenerator/isa_spec_manager -isystem /home/runner/spack/opt/spack/linux-zen4/comgr-7.2.1-vtihxs3wmic636p6ovgc7gvf5k2jdukc/include -isystem /home/runner/spack/opt/spack/linux-zen4/msgpack-c-3.1.1-i3wxpe5h47yo35agbqisrcggr552wbw7/include -isystem /home/runner/spack/opt/spack/linux-zen4/hip-7.2.1-rhfra5b7fhpyana6p4ktfrkn6pysds4i/include -isystem /home/runner/spack/opt/spack/linux-zen4/fmt-12.1.0-f4teunrmzajyxln5liphqixhalycx4b2/include -O3 -DNDEBUG -std=gnu++20 -fvisibility-inlines-hidden -MD -MT rocroller/GPUArchitectureGenerator/CMakeFiles/GPUArchitectureGenerator.dir/tmp/runner/spack-stage/spack-stage-hipblaslt-7.2.1-cfnm6qchmwplkvs25fm6jjqqctkwrr5h/spack-src/shared/rocroller/lib/source/Timer.cpp.o -MF CMakeFiles/GPUArchitectureGenerator.dir/tmp/runner/spack-stage/spack-stage-hipblaslt-7.2.1-cfnm6qchmwplkvs25fm6jjqqctkwrr5h/spack-src/shared/rocroller/lib/source/Timer.cpp.o.d -o CMakeFiles/GPUArchitectureGenerator.dir/tmp/runner/spack-stage/spack-stage-hipblaslt-7.2.1-cfnm6qchmwplkvs25fm6jjqqctkwrr5h/spack-src/shared/rocroller/lib/source/Timer.cpp.o -c /tmp/runner/spack-stage/spack-stage-hipblaslt-7.2.1-cfnm6qchmwplkvs25fm6jjqqctkwrr5h/spack-src/shared/rocroller/lib/source/Timer.cpp
  [ 18%] Building CXX object tensilelite/CMakeFiles/tensilelite-host.dir/src/DataTypes.cpp.o
-- lines 775 to 784 --
  cd /tmp/runner/spack-stage/spack-stage-hipblaslt-7.2.1-cfnm6qchmwplkvs25fm6jjqqctkwrr5h/spack-build-cfnm6qc/device-library/matrix-transform && /home/runner/spack/opt/spack/linux-zen4/cmake-3.31.11-hizwkl76ppxdgbdqa3ioeendekiz7unr/bin/cmake -E copy /tmp/runner/spack-stage/spack-stage-hipblaslt-7.2.1-cfnm6qchmwplkvs25fm6jjqqctkwrr5h/spack-build-cfnm6qc/device-library/matrix-transform/hipblasltTransform.hsaco /tmp/runner/spack-stage/spack-stage-hipblaslt-7.2.1-cfnm6qchmwplkvs25fm6jjqqctkwrr5h/spack-build-cfnm6qc/Tensile/library
  make[3]: Leaving directory '/tmp/runner/spack-stage/spack-stage-hipblaslt-7.2.1-cfnm6qchmwplkvs25fm6jjqqctkwrr5h/spack-build-cfnm6qc'
  [ 22%] Built target matrix-transform-cp
  make[3]: Leaving directory '/tmp/runner/spack-stage/spack-stage-hipblaslt-7.2.1-cfnm6qchmwplkvs25fm6jjqqctkwrr5h/spack-build-cfnm6qc'
  [ 22%] Built target tensilelite-host
  make[2]: Leaving directory '/tmp/runner/spack-stage/spack-stage-hipblaslt-7.2.1-cfnm6qchmwplkvs25fm6jjqqctkwrr5h/spack-build-cfnm6qc'
> make[1]: *** [Makefile:159: all] Error 2
  make[1]: Leaving directory '/tmp/runner/spack-stage/spack-stage-hipblaslt-7.2.1-cfnm6qchmwplkvs25fm6jjqqctkwrr5h/spack-build-cfnm6qc'
  Command exited with status 2:
      /home/runner/spack/opt/spack/linux-zen4/gmake-4.4.1-am3gcu4xujabafbvsg7jg2fck4qjtkvl/bin/make
==> Error: The following packages failed to install:
hipblaslt@7.2.1/cfnm6qchmwplkvs25fm6jjqqctkwrr5h: /tmp/runner/spack-stage/spack-stage-hipblaslt-7.2.1-cfnm6qchmwplkvs25fm6jjqqctkwrr5h-vt5ji02w.log
make: *** [Makefile:24: /home/runner/environment/.spack-env/makedeps/install/hipblaslt-7.2.1-cfnm6qchmwplkvs25fm6jjqqctkwrr5h] Error 1
make: *** Waiting for unfinished jobs....
[+] hz6emtk rocthrust@7.2.1 /home/runner/spack/opt/spack/linux-zen4/rocthrust-7.2.1-hz6emtkerav7kgwzg4qwh2bh7xjhhg66 (4m44s)
==> Updating view at /home/runner/rocm
/home/runner/spack/bin/spack -c config:install_status:false -e '/home/runner/environment' install   --only-concrete --only=package /cfnm6qchmwplkvs25fm6jjqqctkwrr5h # hipblaslt@7.2.1~asan~ipo amdgpu_target:=auto build_system=cmake build_type=Release generator=make patches:=0364327,503555b platform=linux os=rhel9 target=zen4
[ ] cfnm6qc hipblaslt@7.2.1 staging (2m09s)
[ ] cfnm6qc hipblaslt@7.2.1 cmake (2m43s)
[ ] cfnm6qc hipblaslt@7.2.1 build (3m30s)
[x] cfnm6qc hipblaslt@7.2.1 failed: /tmp/runner/spack-stage/spack-stage-hipblaslt-7.2.1-cfnm6qchmwplkvs25fm6jjqqctkwrr5h-metja2te.log (6m45s)
-- lines 96 to 108 --
  *------------------------------- ROCMChecks WARNING --------------------------*
    Options and properties should be set on a cmake target where possible. The
    variable 'CMAKE_SHARED_LINKER_FLAGS' may be set by the cmake toolchain, either by
    calling 'cmake -DCMAKE_SHARED_LINKER_FLAGS="-Wl,--exclude-libs,ALL"'
    or set in a toolchain file and added with
    'cmake -DCMAKE_TOOLCHAIN_FILE=<toolchain-file>'. ROCMChecks now calling:
> CMake Warning at /tmp/runner/spack-stage/spack-stage-hipblaslt-7.2.1-cfnm6qchmwplkvs25fm6jjqqctkwrr5h/spack-build-cfnm6qc/extern/rocm-cmake/share/rocmcmakebuildtools/cmake/ROCMChecks.cmake:46 (message):
    'CMAKE_SHARED_LINKER_FLAGS' is set at
    /tmp/runner/spack-stage/spack-stage-hipblaslt-7.2.1-cfnm6qchmwplkvs25fm6jjqqctkwrr5h/spack-src/projects/hipblaslt/CMakeLists.txt:<line#>
    shown below:
  Call Stack (most recent call first):
    CMakeLists.txt:9223372036854775807 (rocm_check_toolchain_var)
    CMakeLists.txt:200 (set)
-- lines 118 to 130 --
  *------------------------------- ROCMChecks WARNING --------------------------*
    Options and properties should be set on a cmake target where possible. The
    variable 'CMAKE_C_FLAGS' may be set by the cmake toolchain, either by
    calling 'cmake -DCMAKE_C_FLAGS=""'
    or set in a toolchain file and added with
    'cmake -DCMAKE_TOOLCHAIN_FILE=<toolchain-file>'. ROCMChecks now calling:
> CMake Warning at /tmp/runner/spack-stage/spack-stage-hipblaslt-7.2.1-cfnm6qchmwplkvs25fm6jjqqctkwrr5h/spack-build-cfnm6qc/extern/rocm-cmake/share/rocmcmakebuildtools/cmake/ROCMChecks.cmake:46 (message):
    'CMAKE_C_FLAGS' is set at
    /tmp/runner/spack-stage/spack-stage-hipblaslt-7.2.1-cfnm6qchmwplkvs25fm6jjqqctkwrr5h/spack-build-cfnm6qc/_deps/spdlog-src/CMakeLists.txt:<line#>
    shown below:
  Call Stack (most recent call first):
    /home/runner/spack/opt/spack/linux-zen4/cmake-3.31.11-hizwkl76ppxdgbdqa3ioeendekiz7unr/share/cmake-3.31/Modules/CheckSymbolExists.cmake:9223372036854775807 (rocm_check_toolchain_var)
    /home/runner/spack/opt/spack/linux-zen4/cmake-3.31.11-hizwkl76ppxdgbdqa3ioeendekiz7unr/share/cmake-3.31/Modules/CheckSymbolExists.cmake:87 (string)
-- lines 140 to 152 --
  *------------------------------- ROCMChecks WARNING --------------------------*
    Options and properties should be set on a cmake target where possible. The
    variable 'CMAKE_C_FLAGS' may be set by the cmake toolchain, either by
    calling 'cmake -DCMAKE_C_FLAGS=""'
    or set in a toolchain file and added with
    'cmake -DCMAKE_TOOLCHAIN_FILE=<toolchain-file>'. ROCMChecks now calling:
> CMake Warning at /tmp/runner/spack-stage/spack-stage-hipblaslt-7.2.1-cfnm6qchmwplkvs25fm6jjqqctkwrr5h/spack-build-cfnm6qc/extern/rocm-cmake/share/rocmcmakebuildtools/cmake/ROCMChecks.cmake:46 (message):
    'CMAKE_C_FLAGS' is set at
    /tmp/runner/spack-stage/spack-stage-hipblaslt-7.2.1-cfnm6qchmwplkvs25fm6jjqqctkwrr5h/spack-build-cfnm6qc/_deps/spdlog-src/CMakeLists.txt:<line#>
    shown below:
  Call Stack (most recent call first):
    /home/runner/spack/opt/spack/linux-zen4/cmake-3.31.11-hizwkl76ppxdgbdqa3ioeendekiz7unr/share/cmake-3.31/Modules/CheckSymbolExists.cmake:9223372036854775807 (rocm_check_toolchain_var)
    /home/runner/spack/opt/spack/linux-zen4/cmake-3.31.11-hizwkl76ppxdgbdqa3ioeendekiz7unr/share/cmake-3.31/Modules/CheckSymbolExists.cmake:88 (string)
-- lines 164 to 176 --
  *------------------------------- ROCMChecks WARNING --------------------------*
    Options and properties should be set on a cmake target where possible. The
    variable 'CMAKE_C_FLAGS' may be set by the cmake toolchain, either by
    calling 'cmake -DCMAKE_C_FLAGS=""'
    or set in a toolchain file and added with
    'cmake -DCMAKE_TOOLCHAIN_FILE=<toolchain-file>'. ROCMChecks now calling:
> CMake Warning at /tmp/runner/spack-stage/spack-stage-hipblaslt-7.2.1-cfnm6qchmwplkvs25fm6jjqqctkwrr5h/spack-build-cfnm6qc/extern/rocm-cmake/share/rocmcmakebuildtools/cmake/ROCMChecks.cmake:46 (message):
    'CMAKE_C_FLAGS' is set at
    /tmp/runner/spack-stage/spack-stage-hipblaslt-7.2.1-cfnm6qchmwplkvs25fm6jjqqctkwrr5h/spack-build-cfnm6qc/_deps/spdlog-src/CMakeLists.txt:<line#>
    shown below:
  Call Stack (most recent call first):
    /home/runner/spack/opt/spack/linux-zen4/cmake-3.31.11-hizwkl76ppxdgbdqa3ioeendekiz7unr/share/cmake-3.31/Modules/CheckSymbolExists.cmake:9223372036854775807 (rocm_check_toolchain_var)
    /home/runner/spack/opt/spack/linux-zen4/cmake-3.31.11-hizwkl76ppxdgbdqa3ioeendekiz7unr/share/cmake-3.31/Modules/CheckSymbolExists.cmake:99 (set)
-- lines 205 to 249 --
  
    Update the VERSION argument <min> value.  Or, use the <min>...<max> syntax
    to tell CMake that the project requires at least <min> but has been updated
    to work with policies introduced by <max> or earlier.
  
  
> CMake Warning (dev) at /home/runner/spack/opt/spack/linux-zen4/cmake-3.31.11-hizwkl76ppxdgbdqa3ioeendekiz7unr/share/cmake-3.31/Modules/CTest.cmake:50 (option):
    Policy CMP0077 is not set: option() honors normal variables.  Run "cmake
    --help-policy CMP0077" for policy details.  Use the cmake_policy command to
    set the policy and suppress this warning.
  
    For compatibility with older versions of CMake, option is clearing the
    normal variable 'BUILD_TESTING'.
  Call Stack (most recent call first):
    /tmp/runner/spack-stage/spack-stage-hipblaslt-7.2.1-cfnm6qchmwplkvs25fm6jjqqctkwrr5h/spack-build-cfnm6qc/_deps/yaml_cpp-src/CMakeLists.txt:21 (include)
  This warning is for project developers.  Use -Wno-dev to suppress it.
  
> CMake Warning (dev) at /tmp/runner/spack-stage/spack-stage-hipblaslt-7.2.1-cfnm6qchmwplkvs25fm6jjqqctkwrr5h/spack-build-cfnm6qc/_deps/yaml_cpp-src/CMakeLists.txt:24 (option):
    Policy CMP0077 is not set: option() honors normal variables.  Run "cmake
    --help-policy CMP0077" for policy details.  Use the cmake_policy command to
    set the policy and suppress this warning.
  
    For compatibility with older versions of CMake, option is clearing the
    normal variable 'YAML_CPP_BUILD_TOOLS'.
  This warning is for project developers.  Use -Wno-dev to suppress it.
  
> CMake Warning (dev) at /tmp/runner/spack-stage/spack-stage-hipblaslt-7.2.1-cfnm6qchmwplkvs25fm6jjqqctkwrr5h/spack-build-cfnm6qc/_deps/yaml_cpp-src/CMakeLists.txt:25 (option):
    Policy CMP0077 is not set: option() honors normal variables.  Run "cmake
    --help-policy CMP0077" for policy details.  Use the cmake_policy command to
    set the policy and suppress this warning.
  
    For compatibility with older versions of CMake, option is clearing the
    normal variable 'YAML_BUILD_SHARED_LIBS'.
  This warning is for project developers.  Use -Wno-dev to suppress it.
  
  -- Could NOT find msgpack-cxx (missing: msgpack-cxx_DIR)
  -- Found msgpack (<=5.x)
  -- Found GTest: /home/runner/spack/opt/spack/linux-zen4/googletest-1.17.0-qnxhuzcuvvtrlmpmsxjvwi53fxbrwmo3/lib64/cmake/GTest/GTestConfig.cmake (found version "1.17.0")
> CMake Warning (dev) at /tmp/runner/spack-stage/spack-stage-hipblaslt-7.2.1-cfnm6qchmwplkvs25fm6jjqqctkwrr5h/spack-src/shared/origami/tests/CMakeLists.txt:5 (find_package):
    Policy CMP0144 is not set: find_package uses upper-case <PACKAGENAME>_ROOT
    variables.  Run "cmake --help-policy CMP0144" for policy details.  Use the
    cmake_policy command to set the policy and suppress this warning.
  
    Environment variable BOOST_ROOT is set to:
  
-- lines 250 to 270 --
      /home/runner/spack/opt/spack/linux-zen4/boost-1.90.0-j2qc2ywc5q5ocbblw6bhx44j2clmplhp
  
    For compatibility, find_package is ignoring the variable, but code in a
    .cmake module might still use it.
  This warning is for project developers.  Use -Wno-dev to suppress it.
  
> CMake Warning (dev) at /tmp/runner/spack-stage/spack-stage-hipblaslt-7.2.1-cfnm6qchmwplkvs25fm6jjqqctkwrr5h/spack-src/shared/origami/tests/CMakeLists.txt:5 (find_package):
    Policy CMP0167 is not set: The FindBoost module is removed.  Run "cmake
    --help-policy CMP0167" for policy details.  Use the cmake_policy command to
    set the policy and suppress this warning.
  
  This warning is for project developers.  Use -Wno-dev to suppress it.
  
  -- Found Boost: /home/runner/spack/opt/spack/linux-zen4/boost-1.90.0-j2qc2ywc5q5ocbblw6bhx44j2clmplhp/lib/cmake/Boost-1.90.0/BoostConfig.cmake (found version "1.90.0") found components: filesystem
> CMake Warning (dev) at tensilelite/tests/CMakeLists.txt:5 (find_package):
    Policy CMP0144 is not set: find_package uses upper-case <PACKAGENAME>_ROOT
    variables.  Run "cmake --help-policy CMP0144" for policy details.  Use the
    cmake_policy command to set the policy and suppress this warning.
  
    Environment variable BOOST_ROOT is set to:
  
-- lines 271 to 283 --
      /home/runner/spack/opt/spack/linux-zen4/boost-1.90.0-j2qc2ywc5q5ocbblw6bhx44j2clmplhp
  
    For compatibility, find_package is ignoring the variable, but code in a
    .cmake module might still use it.
  This warning is for project developers.  Use -Wno-dev to suppress it.
  
> CMake Warning (dev) at tensilelite/tests/CMakeLists.txt:5 (find_package):
    Policy CMP0167 is not set: The FindBoost module is removed.  Run "cmake
    --help-policy CMP0167" for policy details.  Use the cmake_policy command to
    set the policy and suppress this warning.
  
  This warning is for project developers.  Use -Wno-dev to suppress it.
  
-- lines 300 to 312 --
  -- hipblaslt device library extops: Configuring target for architecture gfx1150 for hipblasltExtOpLibrary
  -- hipblaslt device library extops: Configuring target for architecture gfx1151 for hipblasltExtOpLibrary
  -- hipblaslt device library extops: Configuring target for architecture gfx1200 for hipblasltExtOpLibrary
  -- hipblaslt device library extops: Configuring target for architecture gfx1201 for hipblasltExtOpLibrary
  -- Configuring done (38.7s)
  -- Generating done (8.2s)
> CMake Warning:
    Manually-specified variables were not used by the project:
  
      ADDRESS_SANITIZER
      BUILD_CLIENTS_TESTS
      MSGPACK_DIR
      PYTHON_EXECUTABLE
-- lines 449 to 546 --
  [  8%] Building CXX object _deps/yaml_cpp-build/CMakeFiles/yaml-cpp.dir/src/scanscalar.cpp.o
  cd /tmp/runner/spack-stage/spack-stage-hipblaslt-7.2.1-cfnm6qchmwplkvs25fm6jjqqctkwrr5h/spack-build-cfnm6qc/_deps/yaml_cpp-build && /home/runner/spack/opt/spack/linux-zen4/llvm-amdgpu-7.2.1-iojimua6pkybzsi6umlvy6fju6sdsc63/bin/amdclang++ -DYAML_CPP_STATIC_DEFINE -I/tmp/runner/spack-stage/spack-stage-hipblaslt-7.2.1-cfnm6qchmwplkvs25fm6jjqqctkwrr5h/spack-build-cfnm6qc/_deps/yaml_cpp-src/include -I/tmp/runner/spack-stage/spack-stage-hipblaslt-7.2.1-cfnm6qchmwplkvs25fm6jjqqctkwrr5h/spack-build-cfnm6qc/_deps/yaml_cpp-src/src -O3 -DNDEBUG -std=gnu++11 -fPIC -fvisibility-inlines-hidden -MD -MT _deps/yaml_cpp-build/CMakeFiles/yaml-cpp.dir/src/scanscalar.cpp.o -MF CMakeFiles/yaml-cpp.dir/src/scanscalar.cpp.o.d -o CMakeFiles/yaml-cpp.dir/src/scanscalar.cpp.o -c /tmp/runner/spack-stage/spack-stage-hipblaslt-7.2.1-cfnm6qchmwplkvs25fm6jjqqctkwrr5h/spack-build-cfnm6qc/_deps/yaml_cpp-src/src/scanscalar.cpp
  In file included from /tmp/runner/spack-stage/spack-stage-hipblaslt-7.2.1-cfnm6qchmwplkvs25fm6jjqqctkwrr5h/spack-src/shared/origami/src/origami/utils.cpp:4:
  In file included from /tmp/runner/spack-stage/spack-stage-hipblaslt-7.2.1-cfnm6qchmwplkvs25fm6jjqqctkwrr5h/spack-src/shared/origami/include/origami/utils.hpp:11:
  In file included from /home/runner/spack/opt/spack/linux-zen4/gcc-12.3.0-gbjninpngcng66o42zzz4yn6wj2npwae/lib/gcc/x86_64-pc-linux-gnu/12.3.0/../../../../include/c++/12.3.0/functional:64:
  In file included from /home/runner/spack/opt/spack/linux-zen4/gcc-12.3.0-gbjninpngcng66o42zzz4yn6wj2npwae/lib/gcc/x86_64-pc-linux-gnu/12.3.0/../../../../include/c++/12.3.0/bits/stl_algo.h:61:
> /home/runner/spack/opt/spack/linux-zen4/gcc-12.3.0-gbjninpngcng66o42zzz4yn6wj2npwae/lib/gcc/x86_64-pc-linux-gnu/12.3.0/../../../../include/c++/12.3.0/bits/stl_tempbuf.h:263:8: warning: 'get_temporary_buffer<std::tuple<double, unsigned long, unsigned long, unsigned long, unsigned long, unsigned long, unsigned long, int, int, unsigned long, unsigned long>>' is deprecated [-Wdeprecated-declarations]
    263 |                 std::get_temporary_buffer<value_type>(_M_original_len));
        |                      ^
> /home/runner/spack/opt/spack/linux-zen4/gcc-12.3.0-gbjninpngcng66o42zzz4yn6wj2npwae/lib/gcc/x86_64-pc-linux-gnu/12.3.0/../../../../include/c++/12.3.0/bits/stl_algo.h:4996:15: note: in instantiation of member function 'std::_Temporary_buffer<__gnu_cxx::__normal_iterator<std::tuple<double, unsigned long, unsigned long, unsigned long, unsigned long, unsigned long, unsigned long, int, int, unsigned long, unsigned long> *, std::vector<std::tuple<double, unsigned long, unsigned long, unsigned long, unsigned long, unsigned long, unsigned long, int, int, unsigned long, unsigned long>>>, std::tuple<double, unsigned long, unsigned long, unsigned long, unsigned long, unsigned long, unsigned long, int, int, unsigned long, unsigned long>>::_Temporary_buffer' requested here
   4996 |       _TmpBuf __buf(__first, (__last - __first + 1) / 2);
        |               ^
> /home/runner/spack/opt/spack/linux-zen4/gcc-12.3.0-gbjninpngcng66o42zzz4yn6wj2npwae/lib/gcc/x86_64-pc-linux-gnu/12.3.0/../../../../include/c++/12.3.0/bits/stl_algo.h:5070:23: note: in instantiation of function template specialization 'std::__stable_sort<__gnu_cxx::__normal_iterator<std::tuple<double, unsigned long, unsigned long, unsigned long, unsigned long, unsigned long, unsigned long, int, int, unsigned long, unsigned long> *, std::vector<std::tuple<double, unsigned long, unsigned long, unsigned long, unsigned long, unsigned long, unsigned long, int, int, unsigned long, unsigned long>>>, __gnu_cxx::__ops::_Iter_comp_iter<(lambda at /tmp/runner/spack-stage/spack-stage-hipblaslt-7.2.1-cfnm6qchmwplkvs25fm6jjqqctkwrr5h/spack-src/shared/origami/src/origami/utils.cpp:62:22)>>' requested here
   5070 |       _GLIBCXX_STD_A::__stable_sort(__first, __last,
        |                       ^
> /tmp/runner/spack-stage/spack-stage-hipblaslt-7.2.1-cfnm6qchmwplkvs25fm6jjqqctkwrr5h/spack-src/shared/origami/src/origami/utils.cpp:61:10: note: in instantiation of function template specialization 'std::stable_sort<__gnu_cxx::__normal_iterator<std::tuple<double, unsigned long, unsigned long, unsigned long, unsigned long, unsigned long, unsigned long, int, int, unsigned long, unsigned long> *, std::vector<std::tuple<double, unsigned long, unsigned long, unsigned long, unsigned long, unsigned long, unsigned long, int, int, unsigned long, unsigned long>>>, (lambda at /tmp/runner/spack-stage/spack-stage-hipblaslt-7.2.1-cfnm6qchmwplkvs25fm6jjqqctkwrr5h/spack-src/shared/origami/src/origami/utils.cpp:62:22)>' requested here
     61 |     std::stable_sort(top_results.begin(), top_results.begin() + num_to_sort,
        |          ^
> /home/runner/spack/opt/spack/linux-zen4/gcc-12.3.0-gbjninpngcng66o42zzz4yn6wj2npwae/lib/gcc/x86_64-pc-linux-gnu/12.3.0/../../../../include/c++/12.3.0/bits/stl_tempbuf.h:99:5: note: 'get_temporary_buffer<std::tuple<double, unsigned long, unsigned long, unsigned long, unsigned long, unsigned long, unsigned long, int, int, unsigned long, unsigned long>>' has been explicitly marked deprecated here
     99 |     _GLIBCXX17_DEPRECATED
        |     ^
> /home/runner/spack/opt/spack/linux-zen4/gcc-12.3.0-gbjninpngcng66o42zzz4yn6wj2npwae/lib/gcc/x86_64-pc-linux-gnu/12.3.0/../../../../include/c++/12.3.0/x86_64-pc-linux-gnu/bits/c++config.h:119:34: note: expanded from macro '_GLIBCXX17_DEPRECATED'
    119 | # define _GLIBCXX17_DEPRECATED [[__deprecated__]]
        |                                  ^
  [  9%] Building CXX object _deps/yaml_cpp-build/CMakeFiles/yaml-cpp.dir/src/scantag.cpp.o
  [  9%] Building CXX object _deps/yaml_cpp-build/CMakeFiles/yaml-cpp.dir/src/scantoken.cpp.o
  cd /tmp/runner/spack-stage/spack-stage-hipblaslt-7.2.1-cfnm6qchmwplkvs25fm6jjqqctkwrr5h/spack-build-cfnm6qc/_deps/yaml_cpp-build && /home/runner/spack/opt/spack/linux-zen4/llvm-amdgpu-7.2.1-iojimua6pkybzsi6umlvy6fju6sdsc63/bin/amdclang++ -DYAML_CPP_STATIC_DEFINE -I/tmp/runner/spack-stage/spack-stage-hipblaslt-7.2.1-cfnm6qchmwplkvs25fm6jjqqctkwrr5h/spack-build-cfnm6qc/_deps/yaml_cpp-src/include -I/tmp/runner/spack-stage/spack-stage-hipblaslt-7.2.1-cfnm6qchmwplkvs25fm6jjqqctkwrr5h/spack-build-cfnm6qc/_deps/yaml_cpp-src/src -O3 -DNDEBUG -std=gnu++11 -fPIC -fvisibility-inlines-hidden -MD -MT _deps/yaml_cpp-build/CMakeFiles/yaml-cpp.dir/src/scantoken.cpp.o -MF CMakeFiles/yaml-cpp.dir/src/scantoken.cpp.o.d -o CMakeFiles/yaml-cpp.dir/src/scantoken.cpp.o -c /tmp/runner/spack-stage/spack-stage-hipblaslt-7.2.1-cfnm6qchmwplkvs25fm6jjqqctkwrr5h/spack-build-cfnm6qc/_deps/yaml_cpp-src/src/scantoken.cpp
  cd /tmp/runner/spack-stage/spack-stage-hipblaslt-7.2.1-cfnm6qchmwplkvs25fm6jjqqctkwrr5h/spack-build-cfnm6qc/_deps/yaml_cpp-build && /home/runner/spack/opt/spack/linux-zen4/llvm-amdgpu-7.2.1-iojimua6pkybzsi6umlvy6fju6sdsc63/bin/amdclang++ -DYAML_CPP_STATIC_DEFINE -I/tmp/runner/spack-stage/spack-stage-hipblaslt-7.2.1-cfnm6qchmwplkvs25fm6jjqqctkwrr5h/spack-build-cfnm6qc/_deps/yaml_cpp-src/include -I/tmp/runner/spack-stage/spack-stage-hipblaslt-7.2.1-cfnm6qchmwplkvs25fm6jjqqctkwrr5h/spack-build-cfnm6qc/_deps/yaml_cpp-src/src -O3 -DNDEBUG -std=gnu++11 -fPIC -fvisibility-inlines-hidden -MD -MT _deps/yaml_cpp-build/CMakeFiles/yaml-cpp.dir/src/scantag.cpp.o -MF CMakeFiles/yaml-cpp.dir/src/scantag.cpp.o.d -o CMakeFiles/yaml-cpp.dir/src/scantag.cpp.o -c /tmp/runner/spack-stage/spack-stage-hipblaslt-7.2.1-cfnm6qchmwplkvs25fm6jjqqctkwrr5h/spack-build-cfnm6qc/_deps/yaml_cpp-src/src/scantag.cpp
  In file included from /tmp/runner/spack-stage/spack-stage-hipblaslt-7.2.1-cfnm6qchmwplkvs25fm6jjqqctkwrr5h/spack-src/shared/origami/src/origami/utils.cpp:4:
  In file included from /tmp/runner/spack-stage/spack-stage-hipblaslt-7.2.1-cfnm6qchmwplkvs25fm6jjqqctkwrr5h/spack-src/shared/origami/include/origami/utils.hpp:11:
  In file included from /home/runner/spack/opt/spack/linux-zen4/gcc-12.3.0-gbjninpngcng66o42zzz4yn6wj2npwae/lib/gcc/x86_64-pc-linux-gnu/12.3.0/../../../../include/c++/12.3.0/functional:64:
  In file included from /home/runner/spack/opt/spack/linux-zen4/gcc-12.3.0-gbjninpngcng66o42zzz4yn6wj2npwae/lib/gcc/x86_64-pc-linux-gnu/12.3.0/../../../../include/c++/12.3.0/bits/stl_algo.h:61:
> /home/runner/spack/opt/spack/linux-zen4/gcc-12.3.0-gbjninpngcng66o42zzz4yn6wj2npwae/lib/gcc/x86_64-pc-linux-gnu/12.3.0/../../../../include/c++/12.3.0/bits/stl_tempbuf.h:263:8: warning: 'get_temporary_buffer<std::tuple<double, unsigned long, unsigned long, unsigned long>>' is deprecated [-Wdeprecated-declarations]
    263 |                 std::get_temporary_buffer<value_type>(_M_original_len));
        |                      ^
> /home/runner/spack/opt/spack/linux-zen4/gcc-12.3.0-gbjninpngcng66o42zzz4yn6wj2npwae/lib/gcc/x86_64-pc-linux-gnu/12.3.0/../../../../include/c++/12.3.0/bits/stl_algo.h:4996:15: note: in instantiation of member function 'std::_Temporary_buffer<__gnu_cxx::__normal_iterator<std::tuple<double, unsigned long, unsigned long, unsigned long> *, std::vector<std::tuple<double, unsigned long, unsigned long, unsigned long>>>, std::tuple<double, unsigned long, unsigned long, unsigned long>>::_Temporary_buffer' requested here
   4996 |       _TmpBuf __buf(__first, (__last - __first + 1) / 2);
        |               ^
> /home/runner/spack/opt/spack/linux-zen4/gcc-12.3.0-gbjninpngcng66o42zzz4yn6wj2npwae/lib/gcc/x86_64-pc-linux-gnu/12.3.0/../../../../include/c++/12.3.0/bits/stl_algo.h:5034:23: note: in instantiation of function template specialization 'std::__stable_sort<__gnu_cxx::__normal_iterator<std::tuple<double, unsigned long, unsigned long, unsigned long> *, std::vector<std::tuple<double, unsigned long, unsigned long, unsigned long>>>, __gnu_cxx::__ops::_Iter_less_iter>' requested here
   5034 |       _GLIBCXX_STD_A::__stable_sort(__first, __last,
        |                       ^
> /tmp/runner/spack-stage/spack-stage-hipblaslt-7.2.1-cfnm6qchmwplkvs25fm6jjqqctkwrr5h/spack-src/shared/origami/src/origami/utils.cpp:580:10: note: in instantiation of function template specialization 'std::stable_sort<__gnu_cxx::__normal_iterator<std::tuple<double, unsigned long, unsigned long, unsigned long> *, std::vector<std::tuple<double, unsigned long, unsigned long, unsigned long>>>>' requested here
    580 |     std::stable_sort(tie_breaker_results.begin(), tie_breaker_results.end());
        |          ^
> /home/runner/spack/opt/spack/linux-zen4/gcc-12.3.0-gbjninpngcng66o42zzz4yn6wj2npwae/lib/gcc/x86_64-pc-linux-gnu/12.3.0/../../../../include/c++/12.3.0/bits/stl_tempbuf.h:99:5: note: 'get_temporary_buffer<std::tuple<double, unsigned long, unsigned long, unsigned long>>' has been explicitly marked deprecated here
     99 |     _GLIBCXX17_DEPRECATED
        |     ^
> /home/runner/spack/opt/spack/linux-zen4/gcc-12.3.0-gbjninpngcng66o42zzz4yn6wj2npwae/lib/gcc/x86_64-pc-linux-gnu/12.3.0/../../../../include/c++/12.3.0/x86_64-pc-linux-gnu/bits/c++config.h:119:34: note: expanded from macro '_GLIBCXX17_DEPRECATED'
    119 | # define _GLIBCXX17_DEPRECATED [[__deprecated__]]
        |                                  ^
  In file included from /tmp/runner/spack-stage/spack-stage-hipblaslt-7.2.1-cfnm6qchmwplkvs25fm6jjqqctkwrr5h/spack-src/shared/origami/src/origami/utils.cpp:4:
  In file included from /tmp/runner/spack-stage/spack-stage-hipblaslt-7.2.1-cfnm6qchmwplkvs25fm6jjqqctkwrr5h/spack-src/shared/origami/include/origami/utils.hpp:11:
  In file included from /home/runner/spack/opt/spack/linux-zen4/gcc-12.3.0-gbjninpngcng66o42zzz4yn6wj2npwae/lib/gcc/x86_64-pc-linux-gnu/12.3.0/../../../../include/c++/12.3.0/functional:64:
  In file included from /home/runner/spack/opt/spack/linux-zen4/gcc-12.3.0-gbjninpngcng66o42zzz4yn6wj2npwae/lib/gcc/x86_64-pc-linux-gnu/12.3.0/../../../../include/c++/12.3.0/bits/stl_algo.h:61:
> /home/runner/spack/opt/spack/linux-zen4/gcc-12.3.0-gbjninpngcng66o42zzz4yn6wj2npwae/lib/gcc/x86_64-pc-linux-gnu/12.3.0/../../../../include/c++/12.3.0/bits/stl_tempbuf.h:263:8: warning: 'get_temporary_buffer<std::tuple<double, unsigned long, unsigned long, unsigned long, unsigned long, unsigned long, unsigned long>>' is deprecated [-Wdeprecated-declarations]
    263 |                 std::get_temporary_buffer<value_type>(_M_original_len));
        |                      ^
> /home/runner/spack/opt/spack/linux-zen4/gcc-12.3.0-gbjninpngcng66o42zzz4yn6wj2npwae/lib/gcc/x86_64-pc-linux-gnu/12.3.0/../../../../include/c++/12.3.0/bits/stl_algo.h:4996:15: note: in instantiation of member function 'std::_Temporary_buffer<__gnu_cxx::__normal_iterator<std::tuple<double, unsigned long, unsigned long, unsigned long, unsigned long, unsigned long, unsigned long> *, std::vector<std::tuple<double, unsigned long, unsigned long, unsigned long, unsigned long, unsigned long, unsigned long>>>, std::tuple<double, unsigned long, unsigned long, unsigned long, unsigned long, unsigned long, unsigned long>>::_Temporary_buffer' requested here
   4996 |       _TmpBuf __buf(__first, (__last - __first + 1) / 2);
        |               ^
> /home/runner/spack/opt/spack/linux-zen4/gcc-12.3.0-gbjninpngcng66o42zzz4yn6wj2npwae/lib/gcc/x86_64-pc-linux-gnu/12.3.0/../../../../include/c++/12.3.0/bits/stl_algo.h:5070:23: note: in instantiation of function template specialization 'std::__stable_sort<__gnu_cxx::__normal_iterator<std::tuple<double, unsigned long, unsigned long, unsigned long, unsigned long, unsigned long, unsigned long> *, std::vector<std::tuple<double, unsigned long, unsigned long, unsigned long, unsigned long, unsigned long, unsigned long>>>, __gnu_cxx::__ops::_Iter_comp_iter<(lambda at /tmp/runner/spack-stage/spack-stage-hipblaslt-7.2.1-cfnm6qchmwplkvs25fm6jjqqctkwrr5h/spack-src/shared/origami/src/origami/utils.cpp:631:22)>>' requested here
   5070 |       _GLIBCXX_STD_A::__stable_sort(__first, __last,
        |                       ^
> /tmp/runner/spack-stage/spack-stage-hipblaslt-7.2.1-cfnm6qchmwplkvs25fm6jjqqctkwrr5h/spack-src/shared/origami/src/origami/utils.cpp:630:10: note: in instantiation of function template specialization 'std::stable_sort<__gnu_cxx::__normal_iterator<std::tuple<double, unsigned long, unsigned long, unsigned long, unsigned long, unsigned long, unsigned long> *, std::vector<std::tuple<double, unsigned long, unsigned long, unsigned long, unsigned long, unsigned long, unsigned long>>>, (lambda at /tmp/runner/spack-stage/spack-stage-hipblaslt-7.2.1-cfnm6qchmwplkvs25fm6jjqqctkwrr5h/spack-src/shared/origami/src/origami/utils.cpp:631:22)>' requested here
    630 |     std::stable_sort(results.begin(), results.end(),
        |          ^
> /home/runner/spack/opt/spack/linux-zen4/gcc-12.3.0-gbjninpngcng66o42zzz4yn6wj2npwae/lib/gcc/x86_64-pc-linux-gnu/12.3.0/../../../../include/c++/12.3.0/bits/stl_tempbuf.h:99:5: note: 'get_temporary_buffer<std::tuple<double, unsigned long, unsigned long, unsigned long, unsigned long, unsigned long, unsigned long>>' has been explicitly marked deprecated here
     99 |     _GLIBCXX17_DEPRECATED
        |     ^
> /home/runner/spack/opt/spack/linux-zen4/gcc-12.3.0-gbjninpngcng66o42zzz4yn6wj2npwae/lib/gcc/x86_64-pc-linux-gnu/12.3.0/../../../../include/c++/12.3.0/x86_64-pc-linux-gnu/bits/c++config.h:119:34: note: expanded from macro '_GLIBCXX17_DEPRECATED'
    119 | # define _GLIBCXX17_DEPRECATED [[__deprecated__]]
        |                                  ^
  In file included from /tmp/runner/spack-stage/spack-stage-hipblaslt-7.2.1-cfnm6qchmwplkvs25fm6jjqqctkwrr5h/spack-src/shared/origami/src/origami/utils.cpp:4:
  In file included from /tmp/runner/spack-stage/spack-stage-hipblaslt-7.2.1-cfnm6qchmwplkvs25fm6jjqqctkwrr5h/spack-src/shared/origami/include/origami/utils.hpp:11:
  In file included from /home/runner/spack/opt/spack/linux-zen4/gcc-12.3.0-gbjninpngcng66o42zzz4yn6wj2npwae/lib/gcc/x86_64-pc-linux-gnu/12.3.0/../../../../include/c++/12.3.0/functional:64:
  In file included from /home/runner/spack/opt/spack/linux-zen4/gcc-12.3.0-gbjninpngcng66o42zzz4yn6wj2npwae/lib/gcc/x86_64-pc-linux-gnu/12.3.0/../../../../include/c++/12.3.0/bits/stl_algo.h:61:
> /home/runner/spack/opt/spack/linux-zen4/gcc-12.3.0-gbjninpngcng66o42zzz4yn6wj2npwae/lib/gcc/x86_64-pc-linux-gnu/12.3.0/../../../../include/c++/12.3.0/bits/stl_tempbuf.h:263:8: warning: 'get_temporary_buffer<std::pair<double, unsigned long>>' is deprecated [-Wdeprecated-declarations]
    263 |                 std::get_temporary_buffer<value_type>(_M_original_len));
        |                      ^
> /home/runner/spack/opt/spack/linux-zen4/gcc-12.3.0-gbjninpngcng66o42zzz4yn6wj2npwae/lib/gcc/x86_64-pc-linux-gnu/12.3.0/../../../../include/c++/12.3.0/bits/stl_algo.h:4996:15: note: in instantiation of member function 'std::_Temporary_buffer<__gnu_cxx::__normal_iterator<std::pair<double, unsigned long> *, std::vector<std::pair<double, unsigned long>>>, std::pair<double, unsigned long>>::_Temporary_buffer' requested here
   4996 |       _TmpBuf __buf(__first, (__last - __first + 1) / 2);
        |               ^
> /home/runner/spack/opt/spack/linux-zen4/gcc-12.3.0-gbjninpngcng66o42zzz4yn6wj2npwae/lib/gcc/x86_64-pc-linux-gnu/12.3.0/../../../../include/c++/12.3.0/bits/stl_algo.h:5070:23: note: in instantiation of function template specialization 'std::__stable_sort<__gnu_cxx::__normal_iterator<std::pair<double, unsigned long> *, std::vector<std::pair<double, unsigned long>>>, __gnu_cxx::__ops::_Iter_comp_iter<(lambda at /tmp/runner/spack-stage/spack-stage-hipblaslt-7.2.1-cfnm6qchmwplkvs25fm6jjqqctkwrr5h/spack-src/shared/origami/src/origami/utils.cpp:670:30)>>' requested here
   5070 |       _GLIBCXX_STD_A::__stable_sort(__first, __last,
        |                       ^
> /tmp/runner/spack-stage/spack-stage-hipblaslt-7.2.1-cfnm6qchmwplkvs25fm6jjqqctkwrr5h/spack-src/shared/origami/src/origami/utils.cpp:669:18: note: in instantiation of function template specialization 'std::stable_sort<__gnu_cxx::__normal_iterator<std::pair<double, unsigned long> *, std::vector<std::pair<double, unsigned long>>>, (lambda at /tmp/runner/spack-stage/spack-stage-hipblaslt-7.2.1-cfnm6qchmwplkvs25fm6jjqqctkwrr5h/spack-src/shared/origami/src/origami/utils.cpp:670:30)>' requested here
    669 |             std::stable_sort(tie_breaker_scores.begin(), tie_breaker_scores.end(),
        |                  ^
> /home/runner/spack/opt/spack/linux-zen4/gcc-12.3.0-gbjninpngcng66o42zzz4yn6wj2npwae/lib/gcc/x86_64-pc-linux-gnu/12.3.0/../../../../include/c++/12.3.0/bits/stl_tempbuf.h:99:5: note: 'get_temporary_buffer<std::pair<double, unsigned long>>' has been explicitly marked deprecated here
     99 |     _GLIBCXX17_DEPRECATED
        |     ^
> /home/runner/spack/opt/spack/linux-zen4/gcc-12.3.0-gbjninpngcng66o42zzz4yn6wj2npwae/lib/gcc/x86_64-pc-linux-gnu/12.3.0/../../../../include/c++/12.3.0/x86_64-pc-linux-gnu/bits/c++config.h:119:34: note: expanded from macro '_GLIBCXX17_DEPRECATED'
    119 | # define _GLIBCXX17_DEPRECATED [[__deprecated__]]
        |                                  ^
  [  9%] Building CXX object _deps/yaml_cpp-build/CMakeFiles/yaml-cpp.dir/src/simplekey.cpp.o
  cd /tmp/runner/spack-stage/spack-stage-hipblaslt-7.2.1-cfnm6qchmwplkvs25fm6jjqqctkwrr5h/spack-build-cfnm6qc/_deps/yaml_cpp-build && /home/runner/spack/opt/spack/linux-zen4/llvm-amdgpu-7.2.1-iojimua6pkybzsi6umlvy6fju6sdsc63/bin/amdclang++ -DYAML_CPP_STATIC_DEFINE -I/tmp/runner/spack-stage/spack-stage-hipblaslt-7.2.1-cfnm6qchmwplkvs25fm6jjqqctkwrr5h/spack-build-cfnm6qc/_deps/yaml_cpp-src/include -I/tmp/runner/spack-stage/spack-stage-hipblaslt-7.2.1-cfnm6qchmwplkvs25fm6jjqqctkwrr5h/spack-build-cfnm6qc/_deps/yaml_cpp-src/src -O3 -DNDEBUG -std=gnu++11 -fPIC -fvisibility-inlines-hidden -MD -MT _deps/yaml_cpp-build/CMakeFiles/yaml-cpp.dir/src/simplekey.cpp.o -MF CMakeFiles/yaml-cpp.dir/src/simplekey.cpp.o.d -o CMakeFiles/yaml-cpp.dir/src/simplekey.cpp.o -c /tmp/runner/spack-stage/spack-stage-hipblaslt-7.2.1-cfnm6qchmwplkvs25fm6jjqqctkwrr5h/spack-build-cfnm6qc/_deps/yaml_cpp-src/src/simplekey.cpp
  [  9%] Building CXX object _deps/yaml_cpp-build/CMakeFiles/yaml-cpp.dir/src/singledocparser.cpp.o
  cd /tmp/runner/spack-stage/spack-stage-hipblaslt-7.2.1-cfnm6qchmwplkvs25fm6jjqqctkwrr5h/spack-build-cfnm6qc/_deps/yaml_cpp-build && /home/runner/spack/opt/spack/linux-zen4/llvm-amdgpu-7.2.1-iojimua6pkybzsi6umlvy6fju6sdsc63/bin/amdclang++ -DYAML_CPP_STATIC_DEFINE -I/tmp/runner/spack-stage/spack-stage-hipblaslt-7.2.1-cfnm6qchmwplkvs25fm6jjqqctkwrr5h/spack-build-cfnm6qc/_deps/yaml_cpp-src/include -I/tmp/runner/spack-stage/spack-stage-hipblaslt-7.2.1-cfnm6qchmwplkvs25fm6jjqqctkwrr5h/spack-build-cfnm6qc/_deps/yaml_cpp-src/src -O3 -DNDEBUG -std=gnu++11 -fPIC -fvisibility-inlines-hidden -MD -MT _deps/yaml_cpp-build/CMakeFiles/yaml-cpp.dir/src/singledocparser.cpp.o -MF CMakeFiles/yaml-cpp.dir/src/singledocparser.cpp.o.d -o CMakeFiles/yaml-cpp.dir/src/singledocparser.cpp.o -c /tmp/runner/spack-stage/spack-stage-hipblaslt-7.2.1-cfnm6qchmwplkvs25fm6jjqqctkwrr5h/spack-build-cfnm6qc/_deps/yaml_cpp-src/src/singledocparser.cpp
-- lines 712 to 724 --
  cd /tmp/runner/spack-stage/spack-stage-hipblaslt-7.2.1-cfnm6qchmwplkvs25fm6jjqqctkwrr5h/spack-build-cfnm6qc/origami/tests && /home/runner/spack/opt/spack/linux-zen4/cmake-3.31.11-hizwkl76ppxdgbdqa3ioeendekiz7unr/bin/cmake -E cmake_link_script CMakeFiles/origami-tests.dir/link.txt --verbose=1
  /home/runner/spack/opt/spack/linux-zen4/llvm-amdgpu-7.2.1-iojimua6pkybzsi6umlvy6fju6sdsc63/bin/amdclang++ -O3 -DNDEBUG -Xlinker --dependency-file=CMakeFiles/origami-tests.dir/link.d "CMakeFiles/origami-tests.dir/origami_gtest.cpp.o" "CMakeFiles/origami-tests.dir/test_tile_ordering_issue.cpp.o" "CMakeFiles/origami-tests.dir/test_negative_occupancy.cpp.o" -o origami-tests  -Wl,-rpath,/home/runner/spack/opt/spack/linux-zen4/boost-1.90.0-j2qc2ywc5q5ocbblw6bhx44j2clmplhp/lib:/home/runner/spack/opt/spack/linux-zen4/googletest-1.17.0-qnxhuzcuvvtrlmpmsxjvwi53fxbrwmo3/lib64:/home/runner/spack/opt/spack/linux-zen4/hip-7.2.1-rhfra5b7fhpyana6p4ktfrkn6pysds4i/lib ../liborigami.a /home/runner/spack/opt/spack/linux-zen4/boost-1.90.0-j2qc2ywc5q5ocbblw6bhx44j2clmplhp/lib/libboost_filesystem.so.1.90.0 /home/runner/spack/opt/spack/linux-zen4/googletest-1.17.0-qnxhuzcuvvtrlmpmsxjvwi53fxbrwmo3/lib64/libgtest_main.so.1.17.0 /home/runner/spack/opt/spack/linux-zen4/hip-7.2.1-rhfra5b7fhpyana6p4ktfrkn6pysds4i/lib/libamdhip64.so.7.2.53211 /home/runner/spack/opt/spack/linux-zen4/llvm-amdgpu-7.2.1-iojimua6pkybzsi6umlvy6fju6sdsc63/lib/clang/22/lib/linux/libclang_rt.builtins-x86_64.a /home/runner/spack/opt/spack/linux-zen4/boost-1.90.0-j2qc2ywc5q5ocbblw6bhx44j2clmplhp/lib/libboost_atomic.so.1.90.0 /home/runner/spack/opt/spack/linux-zen4/googletest-1.17.0-qnxhuzcuvvtrlmpmsxjvwi53fxbrwmo3/lib64/libgtest.so.1.17.0
  cd /tmp/runner/spack-stage/spack-stage-hipblaslt-7.2.1-cfnm6qchmwplkvs25fm6jjqqctkwrr5h/spack-build-cfnm6qc/origami/tests && /home/runner/spack/opt/spack/linux-zen4/cmake-3.31.11-hizwkl76ppxdgbdqa3ioeendekiz7unr/bin/cmake -D TEST_TARGET=origami-tests -D TEST_EXECUTABLE=/tmp/runner/spack-stage/spack-stage-hipblaslt-7.2.1-cfnm6qchmwplkvs25fm6jjqqctkwrr5h/spack-build-cfnm6qc/origami/tests/origami-tests -D TEST_EXECUTOR= -D TEST_WORKING_DIR=/tmp/runner/spack-stage/spack-stage-hipblaslt-7.2.1-cfnm6qchmwplkvs25fm6jjqqctkwrr5h/spack-build-cfnm6qc/origami/tests -D TEST_EXTRA_ARGS= -D TEST_PROPERTIES= -D TEST_PREFIX= -D TEST_SUFFIX= -D TEST_FILTER= -D NO_PRETTY_TYPES=FALSE -D NO_PRETTY_VALUES=FALSE -D TEST_LIST=origami-tests_TESTS -D CTEST_FILE=/tmp/runner/spack-stage/spack-stage-hipblaslt-7.2.1-cfnm6qchmwplkvs25fm6jjqqctkwrr5h/spack-build-cfnm6qc/origami/tests/origami-tests[1]_tests.cmake -D TEST_DISCOVERY_TIMEOUT=5 -D TEST_DISCOVERY_EXTRA_ARGS= -D TEST_XML_OUTPUT_DIR= -P /home/runner/spack/opt/spack/linux-zen4/cmake-3.31.11-hizwkl76ppxdgbdqa3ioeendekiz7unr/share/cmake-3.31/Modules/GoogleTestAddTests.cmake
  /tmp/runner/spack-stage/spack-stage-hipblaslt-7.2.1-cfnm6qchmwplkvs25fm6jjqqctkwrr5h/spack-build-cfnm6qc/origami/tests/origami-tests: /lib64/libstdc++.so.6: version `GLIBCXX_3.4.30' not found (required by /home/runner/spack/opt/spack/linux-zen4/hip-7.2.1-rhfra5b7fhpyana6p4ktfrkn6pysds4i/lib/libamdhip64.so.7)
  /tmp/runner/spack-stage/spack-stage-hipblaslt-7.2.1-cfnm6qchmwplkvs25fm6jjqqctkwrr5h/spack-build-cfnm6qc/origami/tests/origami-tests: /lib64/libstdc++.so.6: version `GLIBCXX_3.4.30' not found (required by /home/runner/spack/opt/spack/linux-zen4/comgr-7.2.1-vtihxs3wmic636p6ovgc7gvf5k2jdukc/lib/libamd_comgr.so.3)
  /tmp/runner/spack-stage/spack-stage-hipblaslt-7.2.1-cfnm6qchmwplkvs25fm6jjqqctkwrr5h/spack-build-cfnm6qc/origami/tests/origami-tests: /lib64/libstdc++.so.6: version `GLIBCXX_3.4.30' not found (required by /home/runner/spack/opt/spack/linux-zen4/hsa-rocr-dev-7.2.1-ne27g2vzffhcbq2ibkqgm4ulzzks36eb/lib/libhsa-runtime64.so.1)
> CMake Error at /home/runner/spack/opt/spack/linux-zen4/cmake-3.31.11-hizwkl76ppxdgbdqa3ioeendekiz7unr/share/cmake-3.31/Modules/GoogleTestAddTests.cmake:132 (message):
    Error running test executable.
  
      Path: '/tmp/runner/spack-stage/spack-stage-hipblaslt-7.2.1-cfnm6qchmwplkvs25fm6jjqqctkwrr5h/spack-build-cfnm6qc/origami/tests/origami-tests'
      Working directory: '/tmp/runner/spack-stage/spack-stage-hipblaslt-7.2.1-cfnm6qchmwplkvs25fm6jjqqctkwrr5h/spack-build-cfnm6qc/origami/tests'
      Result: 1
      Output:
-- lines 725 to 740 --
  
  
  Call Stack (most recent call first):
    /home/runner/spack/opt/spack/linux-zen4/cmake-3.31.11-hizwkl76ppxdgbdqa3ioeendekiz7unr/share/cmake-3.31/Modules/GoogleTestAddTests.cmake:275 (gtest_discover_tests_impl)
  
  
> make[3]: *** [origami/tests/CMakeFiles/origami-tests.dir/build.make:144: origami/tests/origami-tests] Error 1
  make[3]: *** Deleting file 'origami/tests/origami-tests'
  make[3]: Leaving directory '/tmp/runner/spack-stage/spack-stage-hipblaslt-7.2.1-cfnm6qchmwplkvs25fm6jjqqctkwrr5h/spack-build-cfnm6qc'
> make[2]: *** [CMakeFiles/Makefile2:2572: origami/tests/CMakeFiles/origami-tests.dir/all] Error 2
  make[2]: *** Waiting for unfinished jobs....
  [ 18%] Building CXX object tensilelite/CMakeFiles/tensilelite-host.dir/src/DataTypes.cpp.o
  cd /tmp/runner/spack-stage/spack-stage-hipblaslt-7.2.1-cfnm6qchmwplkvs25fm6jjqqctkwrr5h/spack-build-cfnm6qc/tensilelite && /home/runner/spack/opt/spack/linux-zen4/llvm-amdgpu-7.2.1-iojimua6pkybzsi6umlvy6fju6sdsc63/bin/amdclang++ -DTENSILE_DEFAULT_SERIALIZATION -DTENSILE_MSGPACK -DTENSILE_USE_HIP -DUSE_PROF_API=1 -D__HIP_HCC_COMPAT_MODE__=1 -D__HIP_PLATFORM_AMD__=1 -I/tmp/runner/spack-stage/spack-stage-hipblaslt-7.2.1-cfnm6qchmwplkvs25fm6jjqqctkwrr5h/spack-src/projects/hipblaslt/tensilelite/include -I/tmp/runner/spack-stage/spack-stage-hipblaslt-7.2.1-cfnm6qchmwplkvs25fm6jjqqctkwrr5h/spack-build-cfnm6qc/tensilelite/include -I/tmp/runner/spack-stage/spack-stage-hipblaslt-7.2.1-cfnm6qchmwplkvs25fm6jjqqctkwrr5h/spack-src/projects/hipblaslt/tensilelite/rocisa -I/tmp/runner/spack-stage/spack-stage-hipblaslt-7.2.1-cfnm6qchmwplkvs25fm6jjqqctkwrr5h/spack-src/shared/origami/include -isystem /home/runner/spack/opt/spack/linux-zen4/msgpack-c-3.1.1-i3wxpe5h47yo35agbqisrcggr552wbw7/include -isystem /home/runner/spack/opt/spack/linux-zen4/hip-7.2.1-rhfra5b7fhpyana6p4ktfrkn6pysds4i/include -O3 -DNDEBUG -fPIC -fvisibility=hidden -x hip --offload-arch=gfx908 --offload-arch=gfx90a --offload-arch=gfx942 --offload-arch=gfx950 --offload-arch=gfx1100 --offload-arch=gfx1101 --offload-arch=gfx1102 --offload-arch=gfx1103 --offload-arch=gfx1150 --offload-arch=gfx1151 --offload-arch=gfx1200 --offload-arch=gfx1201 -MD -MT tensilelite/CMakeFiles/tensilelite-host.dir/src/DataTypes.cpp.o -MF CMakeFiles/tensilelite-host.dir/src/DataTypes.cpp.o.d -o CMakeFiles/tensilelite-host.dir/src/DataTypes.cpp.o -c /tmp/runner/spack-stage/spack-stage-hipblaslt-7.2.1-cfnm6qchmwplkvs25fm6jjqqctkwrr5h/spack-src/projects/hipblaslt/tensilelite/src/DataTypes.cpp
  [ 19%] Building CXX object tensilelite/CMakeFiles/tensilelite-host.dir/src/Debug.cpp.o
  cd /tmp/runner/spack-stage/spack-stage-hipblaslt-7.2.1-cfnm6qchmwplkvs25fm6jjqqctkwrr5h/spack-build-cfnm6qc/tensilelite && /home/runner/spack/opt/spack/linux-zen4/llvm-amdgpu-7.2.1-iojimua6pkybzsi6umlvy6fju6sdsc63/bin/amdclang++ -DTENSILE_DEFAULT_SERIALIZATION -DTENSILE_MSGPACK -DTENSILE_USE_HIP -DUSE_PROF_API=1 -D__HIP_HCC_COMPAT_MODE__=1 -D__HIP_PLATFORM_AMD__=1 -I/tmp/runner/spack-stage/spack-stage-hipblaslt-7.2.1-cfnm6qchmwplkvs25fm6jjqqctkwrr5h/spack-src/projects/hipblaslt/tensilelite/include -I/tmp/runner/spack-stage/spack-stage-hipblaslt-7.2.1-cfnm6qchmwplkvs25fm6jjqqctkwrr5h/spack-build-cfnm6qc/tensilelite/include -I/tmp/runner/spack-stage/spack-stage-hipblaslt-7.2.1-cfnm6qchmwplkvs25fm6jjqqctkwrr5h/spack-src/projects/hipblaslt/tensilelite/rocisa -I/tmp/runner/spack-stage/spack-stage-hipblaslt-7.2.1-cfnm6qchmwplkvs25fm6jjqqctkwrr5h/spack-src/shared/origami/include -isystem /home/runner/spack/opt/spack/linux-zen4/msgpack-c-3.1.1-i3wxpe5h47yo35agbqisrcggr552wbw7/include -isystem /home/runner/spack/opt/spack/linux-zen4/hip-7.2.1-rhfra5b7fhpyana6p4ktfrkn6pysds4i/include -O3 -DNDEBUG -fPIC -fvisibility=hidden -x hip --offload-arch=gfx908 --offload-arch=gfx90a --offload-arch=gfx942 --offload-arch=gfx950 --offload-arch=gfx1100 --offload-arch=gfx1101 --offload-arch=gfx1102 --offload-arch=gfx1103 --offload-arch=gfx1150 --offload-arch=gfx1151 --offload-arch=gfx1200 --offload-arch=gfx1201 -MD -MT tensilelite/CMakeFiles/tensilelite-host.dir/src/Debug.cpp.o -MF CMakeFiles/tensilelite-host.dir/src/Debug.cpp.o.d -o CMakeFiles/tensilelite-host.dir/src/Debug.cpp.o -c /tmp/runner/spack-stage/spack-stage-hipblaslt-7.2.1-cfnm6qchmwplkvs25fm6jjqqctkwrr5h/spack-src/projects/hipblaslt/tensilelite/src/Debug.cpp
  [ 19%] Building CXX object rocroller/GPUArchitectureGenerator/CMakeFiles/GPUArchitectureGenerator.dir/tmp/runner/spack-stage/spack-stage-hipblaslt-7.2.1-cfnm6qchmwplkvs25fm6jjqqctkwrr5h/spack-src/shared/rocroller/lib/source/Timer.cpp.o
-- lines 776 to 785 --
  cd /tmp/runner/spack-stage/spack-stage-hipblaslt-7.2.1-cfnm6qchmwplkvs25fm6jjqqctkwrr5h/spack-build-cfnm6qc/device-library/matrix-transform && /home/runner/spack/opt/spack/linux-zen4/cmake-3.31.11-hizwkl76ppxdgbdqa3ioeendekiz7unr/bin/cmake -E copy /tmp/runner/spack-stage/spack-stage-hipblaslt-7.2.1-cfnm6qchmwplkvs25fm6jjqqctkwrr5h/spack-build-cfnm6qc/device-library/matrix-transform/hipblasltTransform.hsaco /tmp/runner/spack-stage/spack-stage-hipblaslt-7.2.1-cfnm6qchmwplkvs25fm6jjqqctkwrr5h/spack-build-cfnm6qc/Tensile/library
  make[3]: Leaving directory '/tmp/runner/spack-stage/spack-stage-hipblaslt-7.2.1-cfnm6qchmwplkvs25fm6jjqqctkwrr5h/spack-build-cfnm6qc'
  [ 22%] Built target matrix-transform-cp
  make[3]: Leaving directory '/tmp/runner/spack-stage/spack-stage-hipblaslt-7.2.1-cfnm6qchmwplkvs25fm6jjqqctkwrr5h/spack-build-cfnm6qc'
  [ 22%] Built target tensilelite-host
  make[2]: Leaving directory '/tmp/runner/spack-stage/spack-stage-hipblaslt-7.2.1-cfnm6qchmwplkvs25fm6jjqqctkwrr5h/spack-build-cfnm6qc'
> make[1]: *** [Makefile:159: all] Error 2
  make[1]: Leaving directory '/tmp/runner/spack-stage/spack-stage-hipblaslt-7.2.1-cfnm6qchmwplkvs25fm6jjqqctkwrr5h/spack-build-cfnm6qc'
  Command exited with status 2:
      /home/runner/spack/opt/spack/linux-zen4/gmake-4.4.1-am3gcu4xujabafbvsg7jg2fck4qjtkvl/bin/make
==> Error: The following packages failed to install:
hipblaslt@7.2.1/cfnm6qchmwplkvs25fm6jjqqctkwrr5h: /tmp/runner/spack-stage/spack-stage-hipblaslt-7.2.1-cfnm6qchmwplkvs25fm6jjqqctkwrr5h-metja2te.log
make: *** [Makefile:24: /home/runner/environment/.spack-env/makedeps/install/hipblaslt-7.2.1-cfnm6qchmwplkvs25fm6jjqqctkwrr5h] Error 1
Error: building at STEP "RUN bash -l -c "     cd /home/runner &&     spack env depfile -o Makefile &&     (make -j24 || true) &&     make -j24 &&     spack clean --downloads &&     rm Makefile &&     rm -rf .cache"": while running runtime: exit status 2
